{
  "n40": {
    "scale": "n40",
    "best_epoch": 99,
    "best_val_loss": 0.3154355038166046,
    "val_loss": 0.3154355038166046,
    "val_acc": 0.85756,
    "val_precision": 0.8501065902878592,
    "val_recall": 0.9589425077084225,
    "val_f1": 0.9012506586062504,
    "total_time_seconds": 147.7227840423584,
    "avg_epoch_time": 1.476681921482086,
    "total_params": 36354,
    "config": {
      "batch_size": 256,
      "max_epochs": 100,
      "patience": 20,
      "hidden_dim": 128,
      "num_heads": 4,
      "dropout": 0.2,
      "learning_rate": 0.001,
      "weight_decay": 1e-05,
      "num_workers": 0,
      "pin_memory": true,
      "preload": true,
      "seed": 42
    }
  }
}