{
  "name": "n20w80_005",
  "n": 20,
  "hv_hmoa_mean": 1.798864255722919,
  "hv_hmoa_std": 0.5114830218139671,
  "hv_nols_mean": 1.9795035113720516,
  "hv_nols_std": 0.5964225686131099,
  "c_hn_mean": 0.46359999999999996,
  "c_hn_std": 0.4681493778699273,
  "c_nh_mean": 0.5257333333333333,
  "c_nh_std": 0.46525053704667796,
  "time_hmoa_mean": 92.62624751726786,
  "time_nols_mean": 57.22092502911885
}