{
  "name": "n20w80_003",
  "n": 20,
  "hv_hmoa_mean": 154.2806367248366,
  "hv_hmoa_std": 552.9429528362282,
  "hv_nols_mean": 2.9082406655285507,
  "hv_nols_std": 0.9897166338911653,
  "c_hn_mean": 0.6873333333333334,
  "c_hn_std": 0.41601965765520693,
  "c_nh_mean": 0.10013333333333335,
  "c_nh_std": 0.25209359813811655,
  "time_hmoa_mean": 64.92692538897197,
  "time_nols_mean": 51.825177113215126
}