{
  "name": "n20w80_002",
  "n": 20,
  "hv_hmoa_mean": 3.3938080700680673,
  "hv_hmoa_std": 1.6257182786353077,
  "hv_nols_mean": 2.590135191301933,
  "hv_nols_std": 1.4579454609798805,
  "c_hn_mean": 0.9976,
  "c_hn_std": 0.00380876182855619,
  "c_nh_mean": 0.0021333333333333334,
  "c_nh_std": 0.005031456603763523,
  "time_hmoa_mean": 82.55528140068054,
  "time_nols_mean": 67.42729256947835
}