{
  "name": "n20w80_001",
  "n": 20,
  "hv_hmoa_mean": 3.5038825818408617,
  "hv_hmoa_std": 1.8655198562427528,
  "hv_nols_mean": 2.3720929322863853,
  "hv_nols_std": 1.1631976293751862,
  "c_hn_mean": 0.9904000000000001,
  "c_hn_std": 0.010307278981380109,
  "c_nh_mean": 0.004266666666666667,
  "c_nh_std": 0.008061982110843186,
  "time_hmoa_mean": 77.22083163261414,
  "time_nols_mean": 69.44959333737691
}