{
  "name": "n20w80_004",
  "n": 20,
  "hv_hmoa_mean": 2.480543650218742,
  "hv_hmoa_std": 1.4271004320051508,
  "hv_nols_mean": 3.003150456926446,
  "hv_nols_std": 1.2507166817438684,
  "c_hn_mean": 0.9328000000000001,
  "c_hn_std": 0.24610111742940136,
  "c_nh_mean": 0.0664,
  "c_nh_std": 0.2463160029988578,
  "time_hmoa_mean": 92.97670273780822,
  "time_nols_mean": 56.38538428942363
}