{
  "name": "n40w80_003",
  "n": 40,
  "hv_hmoa_mean": 235.84505268999703,
  "hv_hmoa_std": 857.8885837560283,
  "hv_nols_mean": 2.602031498838925,
  "hv_nols_std": 1.3161199188555617,
  "c_hn_mean": 0.8613333333333334,
  "c_hn_std": 0.24497364937659902,
  "c_nh_mean": 0.11040000000000001,
  "c_nh_std": 0.2516783131962969,
  "time_hmoa_mean": 43.75576999982198,
  "time_nols_mean": 51.42331856091817
}