{
  "name": "n40w80_005",
  "n": 40,
  "hv_hmoa_mean": 26.013712455649536,
  "hv_hmoa_std": 37.99789475795319,
  "hv_nols_mean": 6.347646756611267,
  "hv_nols_std": 3.7942505115706586,
  "c_hn_mean": 0.81,
  "c_hn_std": 0.362794340271914,
  "c_nh_mean": 0.0032,
  "c_nh_std": 0.0065645512667152905,
  "time_hmoa_mean": 109.54375084241231,
  "time_nols_mean": 70.78933947881063
}