{
  "name": "n40w80_001",
  "n": 40,
  "hv_hmoa_mean": 37.442096047750184,
  "hv_hmoa_std": 76.582146507408,
  "hv_nols_mean": 2.6109261662786043,
  "hv_nols_std": 1.5938983772479136,
  "c_hn_mean": 0.9336,
  "c_hn_std": 0.2473790074629077,
  "c_nh_mean": 0.0,
  "c_nh_std": 0.0,
  "time_hmoa_mean": 66.74113608996073,
  "time_nols_mean": 78.07968505223592
}