{
  "name": "n40w80_002",
  "n": 40,
  "hv_hmoa_mean": 6.548541898725052,
  "hv_hmoa_std": 1.9910888660200654,
  "hv_nols_mean": 6.07782403062597,
  "hv_nols_std": 4.0401979579754,
  "c_hn_mean": 0.8024000000000001,
  "c_hn_std": 0.3740454161373099,
  "c_nh_mean": 0.0728,
  "c_nh_std": 0.23635543855247615,
  "time_hmoa_mean": 112.98590111732483,
  "time_nols_mean": 67.81007707913717
}