{
  "name": "n40w80_004",
  "n": 40,
  "hv_hmoa_mean": 6.754123859601389,
  "hv_hmoa_std": 5.901302813502772,
  "hv_nols_mean": 4.406105103903156,
  "hv_nols_std": 2.779146523462705,
  "c_hn_mean": 0.7293333333333332,
  "c_hn_std": 0.42107270419990683,
  "c_nh_mean": 0.19613333333333335,
  "c_nh_std": 0.3843806909244474,
  "time_hmoa_mean": 83.80369523366292,
  "time_nols_mean": 67.99968690872193
}