{
  "name": "n60w80_002",
  "n": 60,
  "hv_hmoa_mean": 8.566137722105085,
  "hv_hmoa_std": 4.3570688749306274,
  "hv_nols_mean": 10.528453131474487,
  "hv_nols_std": 7.866829507187624,
  "c_hn_mean": 0.7321333333333333,
  "c_hn_std": 0.42066896988275976,
  "c_nh_mean": 0.13546666666666668,
  "c_nh_std": 0.3274039027799693,
  "time_hmoa_mean": 153.77525006930034,
  "time_nols_mean": 66.92669599850973
}