{
  "name": "n60w80_001",
  "n": 60,
  "hv_hmoa_mean": 8.55646631096531,
  "hv_hmoa_std": 8.325371458589114,
  "hv_nols_mean": 2.9321988047102616,
  "hv_nols_std": 1.2922577920683977,
  "c_hn_mean": 0.9909333333333336,
  "c_hn_std": 0.010975528334536905,
  "c_nh_mean": 0.0013333333333333333,
  "c_nh_std": 0.0023851391759997756,
  "time_hmoa_mean": 166.0851724465688,
  "time_nols_mean": 67.62818104426066
}