{
  "name": "n60w80_004",
  "n": 60,
  "hv_hmoa_mean": 7.960177087179577,
  "hv_hmoa_std": 6.60743119172495,
  "hv_nols_mean": 2.8495989034192997,
  "hv_nols_std": 1.6058447330388943,
  "c_hn_mean": 0.6896000000000001,
  "c_hn_std": 0.4369879937328561,
  "c_nh_mean": 0.11906666666666667,
  "c_nh_std": 0.30339665273184685,
  "time_hmoa_mean": 152.7375923951467,
  "time_nols_mean": 69.4625017007192
}