{
  "name": "n60w80_003",
  "n": 60,
  "hv_hmoa_mean": 3.8059865042636143,
  "hv_hmoa_std": 2.3883670854270878,
  "hv_nols_mean": 3.31656730961184,
  "hv_nols_std": 1.4672486951632966,
  "c_hn_mean": 0.7973333333333333,
  "c_hn_std": 0.37706704384705325,
  "c_nh_mean": 0.03493333333333334,
  "c_nh_std": 0.09758105462753631,
  "time_hmoa_mean": 165.41459925969443,
  "time_nols_mean": 63.09355533917745
}