{
  "name": "n60w80_005",
  "n": 60,
  "hv_hmoa_mean": 1.8908561058735076,
  "hv_hmoa_std": 0.7146825278285335,
  "hv_nols_mean": 1.690026601733145,
  "hv_nols_std": 0.5143776591900042,
  "c_hn_mean": 0.5344,
  "c_hn_std": 0.4471964221681564,
  "c_nh_mean": 0.25666666666666665,
  "c_nh_std": 0.3756620230413976,
  "time_hmoa_mean": 221.64965198834736,
  "time_nols_mean": 46.85461349487305
}