{
  "name": "n80w80_002",
  "n": 80,
  "hv_hmoa_mean": 10.995882806242886,
  "hv_hmoa_std": 25.710000871519384,
  "hv_nols_mean": 2.099001199556872,
  "hv_nols_std": 1.083928878708075,
  "c_hn_mean": 0.8813333333333333,
  "c_hn_std": 0.291049289449208,
  "c_nh_mean": 0.0029333333333333342,
  "c_nh_std": 0.006104279009205117,
  "time_hmoa_mean": 200.8824800491333,
  "time_nols_mean": 63.94203368822733
}