{
  "name": "n80w80_001",
  "n": 80,
  "hv_hmoa_mean": 8.962446429910914,
  "hv_hmoa_std": 13.601743810707125,
  "hv_nols_mean": 3.010349942223512,
  "hv_nols_std": 1.198238925067964,
  "c_hn_mean": 0.6677333333333332,
  "c_hn_std": 0.44871244937289423,
  "c_nh_mean": 0.14133333333333334,
  "c_nh_std": 0.3274130249224806,
  "time_hmoa_mean": 180.968106842041,
  "time_nols_mean": 65.66357968648275
}