{
  "name": "n80w80_004",
  "n": 80,
  "hv_hmoa_mean": 195.43084468159097,
  "hv_hmoa_std": 670.5346034969779,
  "hv_nols_mean": 5.7799405739675045,
  "hv_nols_std": 8.4247042394991,
  "c_hn_mean": 0.9842666666666666,
  "c_hn_std": 0.02614693523574458,
  "c_nh_mean": 0.0828392156862745,
  "c_nh_std": 0.2458794403304992,
  "time_hmoa_mean": 174.7008596579234,
  "time_nols_mean": 69.65875741640727
}