{
  "name": "n80w80_003",
  "n": 80,
  "hv_hmoa_mean": 6.125416638583185,
  "hv_hmoa_std": 6.023353481937941,
  "hv_nols_mean": 2.7486127729302168,
  "hv_nols_std": 0.7670293591024029,
  "c_hn_mean": 0.6050666666666668,
  "c_hn_std": 0.43118000365920905,
  "c_nh_mean": 0.20986666666666667,
  "c_nh_std": 0.38687497837013046,
  "time_hmoa_mean": 198.0475222269694,
  "time_nols_mean": 64.22990387280782
}