{
  "name": "n80w80_005",
  "n": 80,
  "hv_hmoa_mean": 12.75286714974465,
  "hv_hmoa_std": 13.20047036687479,
  "hv_nols_mean": 1.6637820182857375,
  "hv_nols_std": 0.468418003057298,
  "c_hn_mean": 0.8117333333333333,
  "c_hn_std": 0.3706641726534801,
  "c_nh_mean": 0.0656,
  "c_nh_std": 0.24120939727409738,
  "time_hmoa_mean": 168.9785779794057,
  "time_nols_mean": 78.01066948572795
}