{
  "n20w80_001": {
    "name": "n20w80_001",
    "n": 20,
    "hv_hmoa_mean": 3.5038825818408617,
    "hv_hmoa_std": 1.8655198562427528,
    "hv_nols_mean": 2.3720929322863853,
    "hv_nols_std": 1.1631976293751862,
    "c_hn_mean": 0.9904000000000001,
    "c_hn_std": 0.010307278981380109,
    "c_nh_mean": 0.004266666666666667,
    "c_nh_std": 0.008061982110843186,
    "time_hmoa_mean": 77.22083163261414,
    "time_nols_mean": 69.44959333737691
  },
  "n20w80_002": {
    "name": "n20w80_002",
    "n": 20,
    "hv_hmoa_mean": 3.3938080700680673,
    "hv_hmoa_std": 1.6257182786353077,
    "hv_nols_mean": 2.590135191301933,
    "hv_nols_std": 1.4579454609798805,
    "c_hn_mean": 0.9976,
    "c_hn_std": 0.00380876182855619,
    "c_nh_mean": 0.0021333333333333334,
    "c_nh_std": 0.005031456603763523,
    "time_hmoa_mean": 82.55528140068054,
    "time_nols_mean": 67.42729256947835
  },
  "n20w80_003": {
    "name": "n20w80_003",
    "n": 20,
    "hv_hmoa_mean": 154.2806367248366,
    "hv_hmoa_std": 552.9429528362282,
    "hv_nols_mean": 2.9082406655285507,
    "hv_nols_std": 0.9897166338911653,
    "c_hn_mean": 0.6873333333333334,
    "c_hn_std": 0.41601965765520693,
    "c_nh_mean": 0.10013333333333335,
    "c_nh_std": 0.25209359813811655,
    "time_hmoa_mean": 64.92692538897197,
    "time_nols_mean": 51.825177113215126
  },
  "n20w80_004": {
    "name": "n20w80_004",
    "n": 20,
    "hv_hmoa_mean": 2.480543650218742,
    "hv_hmoa_std": 1.4271004320051508,
    "hv_nols_mean": 3.003150456926446,
    "hv_nols_std": 1.2507166817438684,
    "c_hn_mean": 0.9328000000000001,
    "c_hn_std": 0.24610111742940136,
    "c_nh_mean": 0.0664,
    "c_nh_std": 0.2463160029988578,
    "time_hmoa_mean": 92.97670273780822,
    "time_nols_mean": 56.38538428942363
  },
  "n20w80_005": {
    "name": "n20w80_005",
    "n": 20,
    "hv_hmoa_mean": 1.798864255722919,
    "hv_hmoa_std": 0.5114830218139671,
    "hv_nols_mean": 1.9795035113720516,
    "hv_nols_std": 0.5964225686131099,
    "c_hn_mean": 0.46359999999999996,
    "c_hn_std": 0.4681493778699273,
    "c_nh_mean": 0.5257333333333333,
    "c_nh_std": 0.46525053704667796,
    "time_hmoa_mean": 92.62624751726786,
    "time_nols_mean": 57.22092502911885
  },
  "n40w80_001": {
    "name": "n40w80_001",
    "n": 40,
    "hv_hmoa_mean": 37.442096047750184,
    "hv_hmoa_std": 76.582146507408,
    "hv_nols_mean": 2.6109261662786043,
    "hv_nols_std": 1.5938983772479136,
    "c_hn_mean": 0.9336,
    "c_hn_std": 0.2473790074629077,
    "c_nh_mean": 0.0,
    "c_nh_std": 0.0,
    "time_hmoa_mean": 66.74113608996073,
    "time_nols_mean": 78.07968505223592
  },
  "n40w80_002": {
    "name": "n40w80_002",
    "n": 40,
    "hv_hmoa_mean": 6.548541898725052,
    "hv_hmoa_std": 1.9910888660200654,
    "hv_nols_mean": 6.07782403062597,
    "hv_nols_std": 4.0401979579754,
    "c_hn_mean": 0.8024000000000001,
    "c_hn_std": 0.3740454161373099,
    "c_nh_mean": 0.0728,
    "c_nh_std": 0.23635543855247615,
    "time_hmoa_mean": 112.98590111732483,
    "time_nols_mean": 67.81007707913717
  },
  "n40w80_003": {
    "name": "n40w80_003",
    "n": 40,
    "hv_hmoa_mean": 235.84505268999703,
    "hv_hmoa_std": 857.8885837560283,
    "hv_nols_mean": 2.602031498838925,
    "hv_nols_std": 1.3161199188555617,
    "c_hn_mean": 0.8613333333333334,
    "c_hn_std": 0.24497364937659902,
    "c_nh_mean": 0.11040000000000001,
    "c_nh_std": 0.2516783131962969,
    "time_hmoa_mean": 43.75576999982198,
    "time_nols_mean": 51.42331856091817
  },
  "n40w80_004": {
    "name": "n40w80_004",
    "n": 40,
    "hv_hmoa_mean": 6.754123859601389,
    "hv_hmoa_std": 5.901302813502772,
    "hv_nols_mean": 4.406105103903156,
    "hv_nols_std": 2.779146523462705,
    "c_hn_mean": 0.7293333333333332,
    "c_hn_std": 0.42107270419990683,
    "c_nh_mean": 0.19613333333333335,
    "c_nh_std": 0.3843806909244474,
    "time_hmoa_mean": 83.80369523366292,
    "time_nols_mean": 67.99968690872193
  },
  "n40w80_005": {
    "name": "n40w80_005",
    "n": 40,
    "hv_hmoa_mean": 26.013712455649536,
    "hv_hmoa_std": 37.99789475795319,
    "hv_nols_mean": 6.347646756611267,
    "hv_nols_std": 3.7942505115706586,
    "c_hn_mean": 0.81,
    "c_hn_std": 0.362794340271914,
    "c_nh_mean": 0.0032,
    "c_nh_std": 0.0065645512667152905,
    "time_hmoa_mean": 109.54375084241231,
    "time_nols_mean": 70.78933947881063
  },
  "n60w80_001": {
    "name": "n60w80_001",
    "n": 60,
    "hv_hmoa_mean": 8.55646631096531,
    "hv_hmoa_std": 8.325371458589114,
    "hv_nols_mean": 2.9321988047102616,
    "hv_nols_std": 1.2922577920683977,
    "c_hn_mean": 0.9909333333333336,
    "c_hn_std": 0.010975528334536905,
    "c_nh_mean": 0.0013333333333333333,
    "c_nh_std": 0.0023851391759997756,
    "time_hmoa_mean": 166.0851724465688,
    "time_nols_mean": 67.62818104426066
  },
  "n60w80_002": {
    "name": "n60w80_002",
    "n": 60,
    "hv_hmoa_mean": 8.566137722105085,
    "hv_hmoa_std": 4.3570688749306274,
    "hv_nols_mean": 10.528453131474487,
    "hv_nols_std": 7.866829507187624,
    "c_hn_mean": 0.7321333333333333,
    "c_hn_std": 0.42066896988275976,
    "c_nh_mean": 0.13546666666666668,
    "c_nh_std": 0.3274039027799693,
    "time_hmoa_mean": 153.77525006930034,
    "time_nols_mean": 66.92669599850973
  },
  "n60w80_003": {
    "name": "n60w80_003",
    "n": 60,
    "hv_hmoa_mean": 3.8059865042636143,
    "hv_hmoa_std": 2.3883670854270878,
    "hv_nols_mean": 3.31656730961184,
    "hv_nols_std": 1.4672486951632966,
    "c_hn_mean": 0.7973333333333333,
    "c_hn_std": 0.37706704384705325,
    "c_nh_mean": 0.03493333333333334,
    "c_nh_std": 0.09758105462753631,
    "time_hmoa_mean": 165.41459925969443,
    "time_nols_mean": 63.09355533917745
  },
  "n60w80_004": {
    "name": "n60w80_004",
    "n": 60,
    "hv_hmoa_mean": 7.960177087179577,
    "hv_hmoa_std": 6.60743119172495,
    "hv_nols_mean": 2.8495989034192997,
    "hv_nols_std": 1.6058447330388943,
    "c_hn_mean": 0.6896000000000001,
    "c_hn_std": 0.4369879937328561,
    "c_nh_mean": 0.11906666666666667,
    "c_nh_std": 0.30339665273184685,
    "time_hmoa_mean": 152.7375923951467,
    "time_nols_mean": 69.4625017007192
  },
  "n60w80_005": {
    "name": "n60w80_005",
    "n": 60,
    "hv_hmoa_mean": 1.8908561058735076,
    "hv_hmoa_std": 0.7146825278285335,
    "hv_nols_mean": 1.690026601733145,
    "hv_nols_std": 0.5143776591900042,
    "c_hn_mean": 0.5344,
    "c_hn_std": 0.4471964221681564,
    "c_nh_mean": 0.25666666666666665,
    "c_nh_std": 0.3756620230413976,
    "time_hmoa_mean": 221.64965198834736,
    "time_nols_mean": 46.85461349487305
  },
  "n80w80_001": {
    "name": "n80w80_001",
    "n": 80,
    "hv_hmoa_mean": 8.962446429910914,
    "hv_hmoa_std": 13.601743810707125,
    "hv_nols_mean": 3.010349942223512,
    "hv_nols_std": 1.198238925067964,
    "c_hn_mean": 0.6677333333333332,
    "c_hn_std": 0.44871244937289423,
    "c_nh_mean": 0.14133333333333334,
    "c_nh_std": 0.3274130249224806,
    "time_hmoa_mean": 180.968106842041,
    "time_nols_mean": 65.66357968648275
  },
  "n80w80_002": {
    "name": "n80w80_002",
    "n": 80,
    "hv_hmoa_mean": 10.995882806242886,
    "hv_hmoa_std": 25.710000871519384,
    "hv_nols_mean": 2.099001199556872,
    "hv_nols_std": 1.083928878708075,
    "c_hn_mean": 0.8813333333333333,
    "c_hn_std": 0.291049289449208,
    "c_nh_mean": 0.0029333333333333342,
    "c_nh_std": 0.006104279009205117,
    "time_hmoa_mean": 200.8824800491333,
    "time_nols_mean": 63.94203368822733
  },
  "n80w80_003": {
    "name": "n80w80_003",
    "n": 80,
    "hv_hmoa_mean": 6.125416638583185,
    "hv_hmoa_std": 6.023353481937941,
    "hv_nols_mean": 2.7486127729302168,
    "hv_nols_std": 0.7670293591024029,
    "c_hn_mean": 0.6050666666666668,
    "c_hn_std": 0.43118000365920905,
    "c_nh_mean": 0.20986666666666667,
    "c_nh_std": 0.38687497837013046,
    "time_hmoa_mean": 198.0475222269694,
    "time_nols_mean": 64.22990387280782
  },
  "n80w80_004": {
    "name": "n80w80_004",