{
  "n60": {
    "scale": "n60",
    "best_epoch": 92,
    "best_val_loss": 0.2830029728653147,
    "val_loss": 0.2830029728653147,
    "val_acc": 0.8970709901254337,
    "val_precision": 0.8846591597045648,
    "val_recall": 0.989723120270197,
    "val_f1": 0.9342465870198066,
    "total_time_seconds": 194.66827535629272,
    "avg_epoch_time": 1.9452677536010743,
    "total_params": 36354,
    "config": {
      "batch_size": 128,
      "max_epochs": 100,
      "patience": 20,
      "hidden_dim": 128,
      "num_heads": 4,
      "dropout": 0.2,
      "learning_rate": 0.001,
      "weight_decay": 1e-05,
      "num_workers": 0,
      "pin_memory": true,
      "preload": true,
      "seed": 42
    }
  }
}