{
  "name": "n20w80_002",
  "n": 20,
  "hv_hmoa_mean": 3.265169062255089,
  "hv_hmoa_std": 1.1325406825255944,
  "hv_nols_mean": 1.9821133762413845,
  "hv_nols_std": 0.30262107165315993,
  "c_hn_mean": 0.7965333333333332,
  "c_hn_std": 0.38981942258207486,
  "c_nh_mean": 0.19160000000000002,
  "c_nh_std": 0.37594481864585744,
  "time_hmoa_mean": 82.41410853068034,
  "time_nols_mean": 71.21697896321615
}