{
  "name": "n20w80_003",
  "n": 20,
  "hv_hmoa_mean": 4.473961353643526,
  "hv_hmoa_std": 3.1330593955775115,
  "hv_nols_mean": 4.33145098611368,
  "hv_nols_std": 2.979200358485171,
  "c_hn_mean": 0.8670666666666667,
  "c_hn_std": 0.2581140488664308,
  "c_nh_mean": 0.08373333333333335,
  "c_nh_std": 0.2456250439638072,
  "time_hmoa_mean": 64.19035305976868,
  "time_nols_mean": 61.750596110026045
}