{
  "name": "n20w80_005",
  "n": 20,
  "hv_hmoa_mean": 1.5602233172827973,
  "hv_hmoa_std": 0.3929102973047374,
  "hv_nols_mean": 1.412658285915221,
  "hv_nols_std": 0.24966057503434133,
  "c_hn_mean": 0.5874666666666666,
  "c_hn_std": 0.46258835072040266,
  "c_nh_mean": 0.2770666666666667,
  "c_nh_std": 0.41576523290059847,
  "time_hmoa_mean": 86.79052621523539,
  "time_nols_mean": 68.73083267211913
}