{
  "name": "n40w80_002",
  "n": 40,
  "hv_hmoa_mean": 6.57470380723415,
  "hv_hmoa_std": 5.972145775248168,
  "hv_nols_mean": 2.954933094899013,
  "hv_nols_std": 1.7389364507718912,
  "c_hn_mean": 0.8642666666666668,
  "c_hn_std": 0.32972058204216226,
  "c_nh_mean": 0.0332,
  "c_nh_std": 0.10735560845464323,
  "time_hmoa_mean": 98.06202239990235,
  "time_nols_mean": 88.06223328908284
}