{
  "name": "n60w80_001",
  "n": 60,
  "hv_hmoa_mean": 6.4917361500406985,
  "hv_hmoa_std": 4.838211824266481,
  "hv_nols_mean": 3.6914349916956657,
  "hv_nols_std": 1.7332994387241296,
  "c_hn_mean": 0.8057333333333333,
  "c_hn_std": 0.37211816522294217,
  "c_nh_mean": 0.0063999999999999994,
  "c_nh_std": 0.008860398787112613,
  "time_hmoa_mean": 159.40427931149802,
  "time_nols_mean": 93.63284036318461
}