{
  "name": "n60w80_003",
  "n": 60,
  "hv_hmoa_mean": 6.753953846259254,
  "hv_hmoa_std": 6.407811706496881,
  "hv_nols_mean": 2.9810555169314337,
  "hv_nols_std": 1.2777669596806953,
  "c_hn_mean": 0.9373333333333334,
  "c_hn_std": 0.22172014392522438,
  "c_nh_mean": 0.0010666666666666667,
  "c_nh_std": 0.0030868898407440597,
  "time_hmoa_mean": 134.98966848055522,
  "time_nols_mean": 71.02398902575175
}