{
  "name": "n80w80_001",
  "n": 80,
  "hv_hmoa_mean": 8.934355958306906,
  "hv_hmoa_std": 8.083052984834644,
  "hv_nols_mean": 2.147921994868402,
  "hv_nols_std": 0.5938894467728059,
  "c_hn_mean": 0.7986666666666667,
  "c_hn_std": 0.3776493376430339,
  "c_nh_mean": 0.1484,
  "c_nh_std": 0.31400059447926737,
  "time_hmoa_mean": 142.19369599024455,
  "time_nols_mean": 78.92081836064656
}