{
  "name": "n80w80_004",
  "n": 80,
  "hv_hmoa_mean": 11.527731192684692,
  "hv_hmoa_std": 13.67555869231516,
  "hv_nols_mean": 16.431668232722984,
  "hv_nols_std": 47.69747383037311,
  "c_hn_mean": 0.9093333333333331,
  "c_hn_std": 0.21966722306454572,
  "c_nh_mean": 0.0018666666666666666,
  "c_nh_std": 0.002872087897138402,
  "time_hmoa_mean": 137.465163675944,
  "time_nols_mean": 85.90193632443746
}