{
  "name": "n20w80_003",
  "n": 20,
  "hv_hmoa_mean": 4.922110308329687,
  "hv_hmoa_std": 4.722275547540681,
  "hv_nols_mean": 2.6900511590516545,
  "hv_nols_std": 2.2668114192604034,
  "c_hn_mean": 0.7256,
  "c_hn_std": 0.43345384990792274,
  "c_nh_mean": 0.1376,
  "c_nh_std": 0.338296280401268,
  "time_hmoa_mean": 179.21146879196166,
  "time_nols_mean": 149.74661898612976
}