{
  "name": "n20w80_005",
  "n": 20,
  "hv_hmoa_mean": 1.5935292709250817,
  "hv_hmoa_std": 0.4259643046548195,
  "hv_nols_mean": 1.8802261496382306,
  "hv_nols_std": 0.9996314731438992,
  "c_hn_mean": 0.5239999999999999,
  "c_hn_std": 0.47056051683072603,
  "c_nh_mean": 0.46346666666666664,
  "c_nh_std": 0.46543655015718544,
  "time_hmoa_mean": 228.84384020169577,
  "time_nols_mean": 172.60200360616048
}