{
  "name": "n20w80_004",
  "n": 20,
  "hv_hmoa_mean": 2.2836690385054492,
  "hv_hmoa_std": 1.285941778854256,
  "hv_nols_mean": 2.9372949737595144,
  "hv_nols_std": 1.1165803421236535,
  "c_hn_mean": 0.9984000000000001,
  "c_hn_std": 0.004079215610874231,
  "c_nh_mean": 0.0,
  "c_nh_std": 0.0,
  "time_hmoa_mean": 227.62808912595113,
  "time_nols_mean": 195.4168274084727
}