{
  "name": "n40w80_002",
  "n": 40,
  "hv_hmoa_mean": 8.31842860769006,
  "hv_hmoa_std": 6.929829372512538,
  "hv_nols_mean": 4.889366685117864,
  "hv_nols_std": 2.926636784581525,
  "c_hn_mean": 0.9272000000000001,
  "c_hn_std": 0.23749447712876745,
  "c_nh_mean": 0.06853333333333333,
  "c_nh_std": 0.23843430029162233,
  "time_hmoa_mean": 287.44253652890524,
  "time_nols_mean": 246.55809003512064
}