{
  "name": "n40w80_004",
  "n": 40,
  "hv_hmoa_mean": 4126.195281331683,
  "hv_hmoa_std": 15408.323956748472,
  "hv_nols_mean": 3.685642441646076,
  "hv_nols_std": 1.4152630507951844,
  "c_hn_mean": 0.7970666666666667,
  "c_hn_std": 0.3939014202676716,
  "c_nh_mean": 0.13786666666666667,
  "c_nh_std": 0.3335269837492746,
  "time_hmoa_mean": 267.52452561060585,
  "time_nols_mean": 219.5793727874756
}