{
  "n20w60_001": {
    "n": 20,
    "hv_hmoa_mean": 36.35629605704973,
    "hv_hmoa_std": 55.04865707572911,
    "hv_nols_mean": 62.18637375396788,
    "hv_nols_std": 45.05405981637237,
    "c_hn_mean": 0.39826666666666655,
    "c_hn_std": 0.47965591370852034,
    "c_nh_mean": 0.13813333333333333,
    "c_nh_std": 0.33104558934113926,
    "t_hmoa_mean": 26.95674155553182,
    "t_nols_mean": 23.84765508969625
  },
  "n20w60_002": {
    "n": 20,
    "hv_hmoa_mean": 3.141272940374764,
    "hv_hmoa_std": 1.1663353058330528,
    "hv_nols_mean": 3.7515682613661974,
    "hv_nols_std": 3.8861520869781963,
    "c_hn_mean": 0.6624000000000001,
    "c_hn_std": 0.44485934855862025,
    "c_nh_mean": 0.2701333333333334,
    "c_nh_std": 0.4127685173179864,
    "t_hmoa_mean": 22.41936101913452,
    "t_nols_mean": 22.7555344581604
  }
}