{
  "name": "n20w80_004",
  "n": 20,
  "hv_hmoa_mean": 3.0603188484509944,
  "hv_hmoa_std": 1.882343621855078,
  "hv_nols_mean": 3.277573192393811,
  "hv_nols_std": 2.1032357762907066,
  "c_hn_mean": 0.9842666666666666,
  "c_hn_std": 0.02231730768310152,
  "c_nh_mean": 0.0021333333333333334,
  "c_nh_std": 0.003827386691841953,
  "time_hmoa_mean": 220.3703085899353,
  "time_nols_mean": 174.24488277435302
}