{
  "name": "n20w80_001",
  "n": 20,
  "hv_hmoa_mean": 2.334587663094006,
  "hv_hmoa_std": 0.7968368728323546,
  "hv_nols_mean": 1.8169879808990599,
  "hv_nols_std": 0.5042852138449817,
  "c_hn_mean": 0.9850666666666666,
  "c_hn_std": 0.01809407515059988,
  "c_nh_mean": 0.0064,
  "c_nh_std": 0.008860398787112613,
  "time_hmoa_mean": 201.03856155077617,
  "time_nols_mean": 158.32022312482198
}