{
  "name": "n20w80_002",
  "n": 20,
  "hv_hmoa_mean": 4.633309877033721,
  "hv_hmoa_std": 5.641821368403023,
  "hv_nols_mean": 2.4408163398676725,
  "hv_nols_std": 1.3034504682930468,
  "c_hn_mean": 0.8904377104377105,
  "c_hn_std": 0.27117306358510257,
  "c_nh_mean": 0.06906666666666667,
  "c_nh_std": 0.24355354419283018,
  "time_hmoa_mean": 199.05207352638246,
  "time_nols_mean": 170.69460703531902
}