{
  "name": "n20w80_005",
  "n": 20,
  "hv_hmoa_mean": 1.4305372689341576,
  "hv_hmoa_std": 0.19858640540813932,
  "hv_nols_mean": 1.6186459666098647,
  "hv_nols_std": 0.7493962438764056,
  "c_hn_mean": 0.4088,
  "c_hn_std": 0.46574659776892985,
  "c_nh_mean": 0.5218666666666666,
  "c_nh_std": 0.4759716891674219,
  "time_hmoa_mean": 221.54479532241822,
  "time_nols_mean": 160.0476926167806
}