{
  "name": "n20w80_003",
  "n": 20,
  "hv_hmoa_mean": 3.0374850845930568,
  "hv_hmoa_std": 2.4729586807818555,
  "hv_nols_mean": 2.5651200994094734,
  "hv_nols_std": 1.3123307736448337,
  "c_hn_mean": 0.7301333333333333,
  "c_hn_std": 0.43614032400389463,
  "c_nh_mean": 0.19893333333333332,
  "c_nh_std": 0.38871951613241934,
  "time_hmoa_mean": 184.91069080034893,
  "time_nols_mean": 144.07228757540386
}