{
  "name": "n40w80_004",
  "n": 40,
  "hv_hmoa_mean": 12.41992355814558,
  "hv_hmoa_std": 10.555430049431866,
  "hv_nols_mean": 4.07966403623759,
  "hv_nols_std": 3.260603657101774,
  "c_hn_mean": 0.46933333333333327,
  "c_hn_std": 0.49059564703418324,
  "c_nh_mean": 0.46186666666666665,
  "c_nh_std": 0.49218937638090304,
  "time_hmoa_mean": 214.70894025166828,
  "time_nols_mean": 202.5921743710836
}