{
  "name": "n40w80_002",
  "n": 40,
  "hv_hmoa_mean": 5.8007869817064925,
  "hv_hmoa_std": 6.289905628803,
  "hv_nols_mean": 3.795223502222686,
  "hv_nols_std": 2.5508701789318806,
  "c_hn_mean": 0.8610666666666668,
  "c_hn_std": 0.33631879056765307,
  "c_nh_mean": 0.0752,
  "c_nh_std": 0.24230096987011832,
  "time_hmoa_mean": 269.09362047513326,
  "time_nols_mean": 227.7379686196645
}