{
  "name": "n40w80_001",
  "n": 40,
  "hv_hmoa_mean": 110.32592966007503,
  "hv_hmoa_std": 231.38782580938778,
  "hv_nols_mean": 6.96175524835235,
  "hv_nols_std": 8.179813256495189,
  "c_hn_mean": 0.8010666666666667,
  "c_hn_std": 0.39720481142884234,
  "c_nh_mean": 0.0,
  "c_nh_std": 0.0,
  "time_hmoa_mean": 197.06314506530762,
  "time_nols_mean": 202.2105799039205
}