{
  "name": "n40w80_005",
  "n": 40,
  "hv_hmoa_mean": 27.403904013919647,
  "hv_hmoa_std": 38.95743566160359,
  "hv_nols_mean": 4.4662484570934735,
  "hv_nols_std": 2.529020166972858,
  "c_hn_mean": 0.7501333333333332,
  "c_hn_std": 0.4085326370751247,
  "c_nh_mean": 0.0002666666666666667,
  "c_nh_std": 0.0009977753031397178,
  "time_hmoa_mean": 243.4854041894277,
  "time_nols_mean": 235.87796867688496
}