{
  "name": "n40w80_003",
  "n": 40,
  "hv_hmoa_mean": 3.452294133601342,
  "hv_hmoa_std": 5.581411840603156,
  "hv_nols_mean": 3.170326561989526,
  "hv_nols_std": 1.7105639214098818,
  "c_hn_mean": 0.9312,
  "c_hn_std": 0.24888101574848975,
  "c_nh_mean": 0.06773333333333334,
  "c_nh_std": 0.24916486286972503,
  "time_hmoa_mean": 157.64366647402446,
  "time_nols_mean": 179.65971053441365
}