{
  "name": "n60w80_001",
  "n": 60,
  "hv_hmoa_mean": 14.527023664046864,
  "hv_hmoa_std": 31.52137047647341,
  "hv_nols_mean": 3.7361504340222216,
  "hv_nols_std": 1.6502666537210133,
  "c_hn_mean": 0.9194666666666667,
  "c_hn_std": 0.23457816512956942,
  "c_nh_mean": 0.07013333333333334,
  "c_nh_std": 0.23582079825343838,
  "time_hmoa_mean": 368.5543143113454,
  "time_nols_mean": 280.3365037918091
}