{
  "name": "n60w80_003",
  "n": 60,
  "hv_hmoa_mean": 3.530674377044853,
  "hv_hmoa_std": 1.8407937277328879,
  "hv_nols_mean": 2.360241617859033,
  "hv_nols_std": 1.0362283638117136,
  "c_hn_mean": 0.9269333333333333,
  "c_hn_std": 0.244065419281161,
  "c_nh_mean": 0.004,
  "c_nh_std": 0.010832051206181281,
  "time_hmoa_mean": 378.9846386273702,
  "time_nols_mean": 274.6250981648763
}