{
  "name": "n60w80_002",
  "n": 60,
  "hv_hmoa_mean": 9.977709327882936,
  "hv_hmoa_std": 6.5029226517109215,
  "hv_nols_mean": 9.979955362047212,
  "hv_nols_std": 8.798090256958725,
  "c_hn_mean": 0.6679999999999998,
  "c_hn_std": 0.44354691597018986,
  "c_nh_mean": 0.2637333333333333,
  "c_nh_std": 0.42784786496552196,
  "time_hmoa_mean": 348.416113726298,
  "time_nols_mean": 283.7077298323313
}