{
  "name": "n60w80_005",
  "n": 60,
  "hv_hmoa_mean": 2.0445008524413164,
  "hv_hmoa_std": 0.9294572984718044,
  "hv_nols_mean": 1.6255914645577063,
  "hv_nols_std": 0.3356735805462443,
  "c_hn_mean": 0.8413333333333334,
  "c_hn_std": 0.31115326698518775,
  "c_nh_mean": 0.1376,
  "c_nh_std": 0.3073457987349103,
  "time_hmoa_mean": 551.1932695070902,
  "time_nols_mean": 259.77901498476666
}