{
  "name": "n60w80_004",
  "n": 60,
  "hv_hmoa_mean": 8.760487754129024,
  "hv_hmoa_std": 7.664905891345101,
  "hv_nols_mean": 2.985493481639726,
  "hv_nols_std": 1.0155517573601995,
  "c_hn_mean": 0.8714666666666667,
  "c_hn_std": 0.3113904016218583,
  "c_nh_mean": 0.06933333333333333,
  "c_nh_std": 0.2403582511354434,
  "time_hmoa_mean": 416.08531017303466,
  "time_nols_mean": 279.73439011573794
}