{
  "name": "n80w80_004",
  "n": 80,
  "hv_hmoa_mean": 64.8434784186766,
  "hv_hmoa_std": 190.9880165717689,
  "hv_nols_mean": 2.5629380502158754,
  "hv_nols_std": 1.3036122521619027,
  "c_hn_mean": 0.8613333333333333,
  "c_hn_std": 0.32577019848694294,
  "c_nh_mean": 0.06960000000000001,
  "c_nh_std": 0.24366446875433712,
  "time_hmoa_mean": 388.989609114329,
  "time_nols_mean": 201.29273891448975
}