{
  "name": "n80w80_005",
  "n": 80,
  "hv_hmoa_mean": 13.615282614797666,
  "hv_hmoa_std": 24.859738235745912,
  "hv_nols_mean": 2.198395562734096,
  "hv_nols_std": 1.9556233694410705,
  "c_hn_mean": 0.9776000000000001,
  "c_hn_std": 0.038333275362274995,
  "c_nh_mean": 0.009066666666666667,
  "c_nh_std": 0.017062499491249484,
  "time_hmoa_mean": 483.1264373620351,
  "time_nols_mean": 238.62606862386068
}