{
  "name": "n80w80_003",
  "n": 80,
  "hv_hmoa_mean": 4.134524314996657,
  "hv_hmoa_std": 3.288337810188343,
  "hv_nols_mean": 3.6863425248187744,
  "hv_nols_std": 1.853000590699218,
  "c_hn_mean": 0.5247999999999998,
  "c_hn_std": 0.4597998405103392,
  "c_nh_mean": 0.27093333333333336,
  "c_nh_std": 0.4064164476111774,
  "time_hmoa_mean": 526.187825012207,
  "time_nols_mean": 200.4669167836507
}