{
  "name": "n80w80_002",
  "n": 80,
  "hv_hmoa_mean": 2.8732107765553376,
  "hv_hmoa_std": 1.446404319207637,
  "hv_nols_mean": 2.940328588759729,
  "hv_nols_std": 1.3139016283393739,
  "c_hn_mean": 0.6626666666666666,
  "c_hn_std": 0.42974638515705466,
  "c_nh_mean": 0.03013333333333334,
  "c_nh_std": 0.044129909232728866,
  "time_hmoa_mean": 670.9912838935852,
  "time_nols_mean": 193.73334126472474
}