{
  "name": "n80w80_001",
  "n": 80,
  "hv_hmoa_mean": 5.399870788914667,
  "hv_hmoa_std": 6.236010446483506,
  "hv_nols_mean": 1.59635134068828,
  "hv_nols_std": 0.5045218966074586,
  "c_hn_mean": 0.9256,
  "c_hn_std": 0.2361865929020245,
  "c_nh_mean": 0.0032,
  "c_nh_std": 0.00530659966456864,
  "time_hmoa_mean": 415.76679236094157,
  "time_nols_mean": 238.01765050888062
}