{
  "n20w80_001": {
    "name": "n20w80_001",
    "n": 20,
    "hv_hmoa_mean": 2.334587663094006,
    "hv_hmoa_std": 0.7968368728323546,
    "hv_nols_mean": 1.8169879808990599,
    "hv_nols_std": 0.5042852138449817,
    "c_hn_mean": 0.9850666666666666,
    "c_hn_std": 0.01809407515059988,
    "c_nh_mean": 0.0064,
    "c_nh_std": 0.008860398787112613,
    "time_hmoa_mean": 201.03856155077617,
    "time_nols_mean": 158.32022312482198
  },
  "n20w80_002": {
    "name": "n20w80_002",
    "n": 20,
    "hv_hmoa_mean": 4.633309877033721,
    "hv_hmoa_std": 5.641821368403023,
    "hv_nols_mean": 2.4408163398676725,
    "hv_nols_std": 1.3034504682930468,
    "c_hn_mean": 0.8904377104377105,
    "c_hn_std": 0.27117306358510257,
    "c_nh_mean": 0.06906666666666667,
    "c_nh_std": 0.24355354419283018,
    "time_hmoa_mean": 199.05207352638246,
    "time_nols_mean": 170.69460703531902
  },
  "n20w80_003": {
    "name": "n20w80_003",
    "n": 20,
    "hv_hmoa_mean": 3.0374850845930568,
    "hv_hmoa_std": 2.4729586807818555,
    "hv_nols_mean": 2.5651200994094734,
    "hv_nols_std": 1.3123307736448337,
    "c_hn_mean": 0.7301333333333333,
    "c_hn_std": 0.43614032400389463,
    "c_nh_mean": 0.19893333333333332,
    "c_nh_std": 0.38871951613241934,
    "time_hmoa_mean": 184.91069080034893,
    "time_nols_mean": 144.07228757540386
  },
  "n20w80_004": {
    "name": "n20w80_004",
    "n": 20,
    "hv_hmoa_mean": 3.0603188484509944,
    "hv_hmoa_std": 1.882343621855078,
    "hv_nols_mean": 3.277573192393811,
    "hv_nols_std": 2.1032357762907066,
    "c_hn_mean": 0.9842666666666666,
    "c_hn_std": 0.02231730768310152,
    "c_nh_mean": 0.0021333333333333334,
    "c_nh_std": 0.003827386691841953,
    "time_hmoa_mean": 220.3703085899353,
    "time_nols_mean": 174.24488277435302
  },
  "n20w80_005": {
    "name": "n20w80_005",
    "n": 20,
    "hv_hmoa_mean": 1.4305372689341576,
    "hv_hmoa_std": 0.19858640540813932,
    "hv_nols_mean": 1.6186459666098647,
    "hv_nols_std": 0.7493962438764056,
    "c_hn_mean": 0.4088,
    "c_hn_std": 0.46574659776892985,
    "c_nh_mean": 0.5218666666666666,
    "c_nh_std": 0.4759716891674219,
    "time_hmoa_mean": 221.54479532241822,
    "time_nols_mean": 160.0476926167806
  },
  "n40w80_001": {
    "name": "n40w80_001",
    "n": 40,
    "hv_hmoa_mean": 110.32592966007503,
    "hv_hmoa_std": 231.38782580938778,
    "hv_nols_mean": 6.96175524835235,
    "hv_nols_std": 8.179813256495189,
    "c_hn_mean": 0.8010666666666667,
    "c_hn_std": 0.39720481142884234,
    "c_nh_mean": 0.0,
    "c_nh_std": 0.0,
    "time_hmoa_mean": 197.06314506530762,
    "time_nols_mean": 202.2105799039205
  },
  "n40w80_002": {
    "name": "n40w80_002",
    "n": 40,
    "hv_hmoa_mean": 5.8007869817064925,
    "hv_hmoa_std": 6.289905628803,
    "hv_nols_mean": 3.795223502222686,
    "hv_nols_std": 2.5508701789318806,
    "c_hn_mean": 0.8610666666666668,
    "c_hn_std": 0.33631879056765307,
    "c_nh_mean": 0.0752,
    "c_nh_std": 0.24230096987011832,
    "time_hmoa_mean": 269.09362047513326,
    "time_nols_mean": 227.7379686196645
  },
  "n40w80_003": {
    "name": "n40w80_003",
    "n": 40,
    "hv_hmoa_mean": 3.452294133601342,
    "hv_hmoa_std": 5.581411840603156,
    "hv_nols_mean": 3.170326561989526,
    "hv_nols_std": 1.7105639214098818,
    "c_hn_mean": 0.9312,
    "c_hn_std": 0.24888101574848975,
    "c_nh_mean": 0.06773333333333334,
    "c_nh_std": 0.24916486286972503,
    "time_hmoa_mean": 157.64366647402446,
    "time_nols_mean": 179.65971053441365
  },
  "n40w80_004": {
    "name": "n40w80_004",
    "n": 40,
    "hv_hmoa_mean": 12.41992355814558,
    "hv_hmoa_std": 10.555430049431866,
    "hv_nols_mean": 4.07966403623759,
    "hv_nols_std": 3.260603657101774,
    "c_hn_mean": 0.46933333333333327,
    "c_hn_std": 0.49059564703418324,
    "c_nh_mean": 0.46186666666666665,
    "c_nh_std": 0.49218937638090304,
    "time_hmoa_mean": 214.70894025166828,
    "time_nols_mean": 202.5921743710836
  },
  "n40w80_005": {
    "name": "n40w80_005",
    "n": 40,
    "hv_hmoa_mean": 27.403904013919647,
    "hv_hmoa_std": 38.95743566160359,
    "hv_nols_mean": 4.4662484570934735,
    "hv_nols_std": 2.529020166972858,
    "c_hn_mean": 0.7501333333333332,
    "c_hn_std": 0.4085326370751247,
    "c_nh_mean": 0.0002666666666666667,
    "c_nh_std": 0.0009977753031397178,
    "time_hmoa_mean": 243.4854041894277,
    "time_nols_mean": 235.87796867688496
  },
  "n60w80_001": {
    "name": "n60w80_001",
    "n": 60,
    "hv_hmoa_mean": 14.527023664046864,
    "hv_hmoa_std": 31.52137047647341,
    "hv_nols_mean": 3.7361504340222216,
    "hv_nols_std": 1.6502666537210133,
    "c_hn_mean": 0.9194666666666667,
    "c_hn_std": 0.23457816512956942,
    "c_nh_mean": 0.07013333333333334,
    "c_nh_std": 0.23582079825343838,
    "time_hmoa_mean": 368.5543143113454,
    "time_nols_mean": 280.3365037918091
  },
  "n60w80_002": {
    "name": "n60w80_002",
    "n": 60,
    "hv_hmoa_mean": 9.977709327882936,
    "hv_hmoa_std": 6.5029226517109215,
    "hv_nols_mean": 9.979955362047212,
    "hv_nols_std": 8.798090256958725,
    "c_hn_mean": 0.6679999999999998,
    "c_hn_std": 0.44354691597018986,
    "c_nh_mean": 0.2637333333333333,
    "c_nh_std": 0.42784786496552196,
    "time_hmoa_mean": 348.416113726298,
    "time_nols_mean": 283.7077298323313
  },
  "n60w80_003": {
    "name": "n60w80_003",
    "n": 60,
    "hv_hmoa_mean": 3.530674377044853,
    "hv_hmoa_std": 1.8407937277328879,
    "hv_nols_mean": 2.360241617859033,
    "hv_nols_std": 1.0362283638117136,
    "c_hn_mean": 0.9269333333333333,
    "c_hn_std": 0.244065419281161,
    "c_nh_mean": 0.004,
    "c_nh_std": 0.010832051206181281,
    "time_hmoa_mean": 378.9846386273702,
    "time_nols_mean": 274.6250981648763
  },
  "n60w80_004": {
    "name": "n60w80_004",
    "n": 60,
    "hv_hmoa_mean": 8.760487754129024,
    "hv_hmoa_std": 7.664905891345101,
    "hv_nols_mean": 2.985493481639726,
    "hv_nols_std": 1.0155517573601995,
    "c_hn_mean": 0.8714666666666667,
    "c_hn_std": 0.3113904016218583,
    "c_nh_mean": 0.06933333333333333,
    "c_nh_std": 0.2403582511354434,
    "time_hmoa_mean": 416.08531017303466,
    "time_nols_mean": 279.73439011573794
  },
  "n60w80_005": {
    "name": "n60w80_005",
    "n": 60,
    "hv_hmoa_mean": 2.0445008524413164,
    "hv_hmoa_std": 0.9294572984718044,
    "hv_nols_mean": 1.6255914645577063,
    "hv_nols_std": 0.3356735805462443,
    "c_hn_mean": 0.8413333333333334,
    "c_hn_std": 0.31115326698518775,
    "c_nh_mean": 0.1376,
    "c_nh_std": 0.3073457987349103,
    "time_hmoa_mean": 551.1932695070902,
    "time_nols_mean": 259.77901498476666
  },
  "n80w80_001": {
    "name": "n80w80_001",
    "n": 80,
    "hv_hmoa_mean": 5.399870788914667,
    "hv_hmoa_std": 6.236010446483506,
    "hv_nols_mean": 1.59635134068828,
    "hv_nols_std": 0.5045218966074586,
    "c_hn_mean": 0.9256,
    "c_hn_std": 0.2361865929020245,
    "c_nh_mean": 0.0032,
    "c_nh_std": 0.00530659966456864,
    "time_hmoa_mean": 415.76679236094157,
    "time_nols_mean": 238.01765050888062
  },
  "n80w80_002": {
    "name": "n80w80_002",
    "n": 80,
    "hv_hmoa_mean": 2.8732107765553376,
    "hv_hmoa_std": 1.446404319207637,
    "hv_nols_mean": 2.940328588759729,
    "hv_nols_std": 1.3139016283393739,
    "c_hn_mean": 0.6626666666666666,
    "c_hn_std": 0.42974638515705466,
    "c_nh_mean": 0.03013333333333334,
    "c_nh_std": 0.044129909232728866,
    "time_hmoa_mean": 670.9912838935852,
    "time_nols_mean": 193.73334126472474
  },
  "n80w80_003": {
    "name": "n80w80_003",
    "n": 80,
    "hv_hmoa_mean": 4.134524314996657,
    "hv_hmoa_std": 3.288337810188343,
    "hv_nols_mean": 3.6863425248187744,
    "hv_nols_std": 1.853000590699218,
    "c_hn_mean": 0.5247999999999998,
    "c_hn_std": 0.4597998405103392,
    "c_nh_mean": 0.27093333333333336,
    "c_nh_std": 0.4064164476111774,
    "time_hmoa_mean": 526.187825012207,
    "time_nols_mean": 200.4669167836507
  },
  "n80w80_004": {
    "name": "n80w80_004",