{
  "n60": {
    "scale": "n60",
    "best_epoch": 143,
    "best_val_loss": 0.32390049054586384,
    "val_loss": 0.32390049054586384,
    "val_acc": 0.8877235121430478,
    "val_precision": 0.8718048208799214,
    "val_recall": 0.9942294146332653,
    "val_f1": 0.9290011729066991,
    "total_time_seconds": 379.78138184547424,
    "avg_epoch_time": 2.5307923698425294,
    "total_params": 36354,
    "config": {
      "batch_size": 128,
      "max_epochs": 150,
      "patience": 20,
      "hidden_dim": 128,
      "num_heads": 4,
      "dropout": 0.2,
      "learning_rate": 0.001,
      "weight_decay": 1e-05,
      "num_workers": 0,
      "pin_memory": true,
      "preload": true,
      "seed": 42
    }
  }
}