{
  "name": "n20_verify",
  "n": 20,
  "hv_hmoa_mean": 4.190943191868847,
  "hv_hmoa_std": 2.4987159225890605,
  "hv_nols_mean": 2.3348246098892367,
  "hv_nols_std": 1.0383480365375823,
  "c_hn_mean": 0.9236306047146338,
  "c_hn_std": 0.12351684074228819,
  "c_nh_mean": 0.02684163952534904,
  "c_nh_std": 0.06142555656841512,
  "time_hmoa_mean": 3.0108381112416587,
  "time_nols_mean": 2.510979588826497
}