{
  "name": "n20w80_001",
  "n": 20,
  "hv_hmoa_mean": 3.2091239067785975,
  "hv_hmoa_std": 1.8304722752441456,
  "hv_nols_mean": 1.9666178535274645,
  "hv_nols_std": 0.5861068560165745,
  "c_hn_mean": 0.9869333333333332,
  "c_hn_std": 0.011727271161224554,
  "c_nh_mean": 0.006666666666666667,
  "c_nh_std": 0.007542472332656507,
  "time_hmoa_mean": 84.33564394315084,
  "time_nols_mean": 65.9209956963857
}