{
  "name": "n20w80_003",
  "n": 20,
  "hv_hmoa_mean": 5.578600521560317,
  "hv_hmoa_std": 6.965813562558693,
  "hv_nols_mean": 4.202724691942277,
  "hv_nols_std": 3.569533080738589,
  "c_hn_mean": 0.7925429951690821,
  "c_hn_std": 0.3638882456864785,
  "c_nh_mean": 0.1304,
  "c_nh_std": 0.31459705444690145,
  "time_hmoa_mean": 69.97968022028606,
  "time_nols_mean": 57.9811794757843
}