{
  "name": "n20w80_005",
  "n": 20,
  "hv_hmoa_mean": 1.423529121747594,
  "hv_hmoa_std": 0.27129996027255765,
  "hv_nols_mean": 1.341189058411762,
  "hv_nols_std": 0.21974055521696634,
  "c_hn_mean": 0.45933333333333326,
  "c_hn_std": 0.463042498649482,
  "c_nh_mean": 0.4683999999999999,
  "c_nh_std": 0.46301170611551495,
  "time_hmoa_mean": 90.99048929214477,
  "time_nols_mean": 62.76317836443583
}