{
  "name": "n20w80_004",
  "n": 20,
  "hv_hmoa_mean": 2.74131953447992,
  "hv_hmoa_std": 2.0012486752686387,
  "hv_nols_mean": 2.80507421254184,
  "hv_nols_std": 1.7003773308341599,
  "c_hn_mean": 0.9949333333333334,
  "c_hn_std": 0.008449589076135933,
  "c_nh_mean": 0.0010666666666666667,
  "c_nh_std": 0.0030868898407440597,
  "time_hmoa_mean": 88.05086448987325,
  "time_nols_mean": 65.46319756507873
}