{
  "name": "n20w80_002",
  "n": 20,
  "hv_hmoa_mean": 7.03470211580573,
  "hv_hmoa_std": 8.9937744324648,
  "hv_nols_mean": 3.0284627045840695,
  "hv_nols_std": 1.0577303417173367,
  "c_hn_mean": 0.9954666666666667,
  "c_hn_std": 0.005239168721170272,
  "c_nh_mean": 0.0005333333333333334,
  "c_nh_std": 0.001359738536958076,
  "time_hmoa_mean": 89.38033054669698,
  "time_nols_mean": 68.32849496205648
}