{
  "name": "n40w80_005",
  "n": 40,
  "hv_hmoa_mean": 11.284739400183073,
  "hv_hmoa_std": 9.396652597444657,
  "hv_nols_mean": 3.88193824044026,
  "hv_nols_std": 2.5062579296284526,
  "c_hn_mean": 0.8081333333333334,
  "c_hn_std": 0.36070927659574026,
  "c_nh_mean": 0.02546666666666667,
  "c_nh_std": 0.08897779997779721,
  "time_hmoa_mean": 107.70297943751017,
  "time_nols_mean": 83.8981355190277
}