{
  "name": "n40w80_002",
  "n": 40,
  "hv_hmoa_mean": 5.264342736620275,
  "hv_hmoa_std": 3.207798551246284,
  "hv_nols_mean": 5.047041592251017,
  "hv_nols_std": 2.1519572970380643,
  "c_hn_mean": 0.8050666666666667,
  "c_hn_std": 0.38405962500054025,
  "c_nh_mean": 0.09400000000000001,
  "c_nh_std": 0.2558509983043516,
  "time_hmoa_mean": 106.7540727933248,
  "time_nols_mean": 81.37331983248393
}