{
  "name": "n40w80_003",
  "n": 40,
  "hv_hmoa_mean": 5.627140648266977,
  "hv_hmoa_std": 8.64996721615352,
  "hv_nols_mean": 2.760845539953186,
  "hv_nols_std": 1.696353468821434,
  "c_hn_mean": 0.8726666666666667,
  "c_hn_std": 0.20232866551452588,
  "c_nh_mean": 0.0732,
  "c_nh_std": 0.22975441961654042,
  "time_hmoa_mean": 54.89983393351237,
  "time_nols_mean": 66.00774586995443
}