{
  "name": "n40w80_001",
  "n": 40,
  "hv_hmoa_mean": 55.99695541800314,
  "hv_hmoa_std": 98.2698878739908,
  "hv_nols_mean": 7.003518921609461,
  "hv_nols_std": 3.3606577922180847,
  "c_hn_mean": 0.8086666666666668,
  "c_hn_std": 0.3813587404123431,
  "c_nh_mean": 0.012266666666666667,
  "c_nh_std": 0.043804819623212955,
  "time_hmoa_mean": 77.78149841626485,
  "time_nols_mean": 79.5706932703654
}