{
  "name": "n40w80_004",
  "n": 40,
  "hv_hmoa_mean": 15.44412029509674,
  "hv_hmoa_std": 20.563120292461274,
  "hv_nols_mean": 6.297313452966972,
  "hv_nols_std": 3.564240602825183,
  "c_hn_mean": 0.9248,
  "c_hn_std": 0.24530666521723377,
  "c_nh_mean": 0.08693333333333333,
  "c_nh_std": 0.24441807534541213,
  "time_hmoa_mean": 103.6868290424347,
  "time_nols_mean": 73.68189140955607
}