{
  "name": "n60w80_003",
  "n": 60,
  "hv_hmoa_mean": 8.764013600679172,
  "hv_hmoa_std": 16.6713864989991,
  "hv_nols_mean": 4.568143960147663,
  "hv_nols_std": 2.2627253580489266,
  "c_hn_mean": 0.7485333333333334,
  "c_hn_std": 0.4094011670178232,
  "c_nh_mean": 0.11600000000000002,
  "c_nh_std": 0.2917789117351241,
  "time_hmoa_mean": 173.24254733721415,
  "time_nols_mean": 71.7059266726176
}