{
  "name": "n60w80_005",
  "n": 60,
  "hv_hmoa_mean": 1.962920416909228,
  "hv_hmoa_std": 1.1141896706474819,
  "hv_nols_mean": 1.836405472566194,
  "hv_nols_std": 0.4364626537010353,
  "c_hn_mean": 0.6573333333333333,
  "c_hn_std": 0.43534425713706415,
  "c_nh_mean": 0.32639999999999997,
  "c_nh_std": 0.417100595380379,
  "time_hmoa_mean": 233.51317280133566,
  "time_nols_mean": 58.272392463684085
}