{
  "name": "n60w80_001",
  "n": 60,
  "hv_hmoa_mean": 10.959625760369638,
  "hv_hmoa_std": 10.745708831330237,
  "hv_nols_mean": 2.872641468589485,
  "hv_nols_std": 0.9590667462289196,
  "c_hn_mean": 0.9853333333333334,
  "c_hn_std": 0.021199580708641908,
  "c_nh_mean": 0.0016,
  "c_nh_std": 0.004079215610874228,
  "time_hmoa_mean": 158.24249715805053,
  "time_nols_mean": 78.47795883814494
}