{
  "name": "n60w80_002",
  "n": 60,
  "hv_hmoa_mean": 12.28258397238854,
  "hv_hmoa_std": 11.146453468508987,
  "hv_nols_mean": 7.333093398453116,
  "hv_nols_std": 5.162058272345329,
  "c_hn_mean": 0.7180000000000001,
  "c_hn_std": 0.4257204090323445,
  "c_nh_mean": 0.25786666666666663,
  "c_nh_std": 0.42076214447383714,
  "time_hmoa_mean": 159.30053065617878,
  "time_nols_mean": 75.08535159428915
}