{
  "name": "n60w80_004",
  "n": 60,
  "hv_hmoa_mean": 12.47605914924099,
  "hv_hmoa_std": 9.058631665674394,
  "hv_nols_mean": 4.505713389787582,
  "hv_nols_std": 2.0752403041674548,
  "c_hn_mean": 0.8677333333333334,
  "c_hn_std": 0.30779895314239714,
  "c_nh_mean": 0.0029333333333333334,
  "c_nh_std": 0.006923069325731824,
  "time_hmoa_mean": 171.92923812866212,
  "time_nols_mean": 76.0434560139974
}