{
  "name": "n80w80_001",
  "n": 80,
  "hv_hmoa_mean": 2.8176548675474726,
  "hv_hmoa_std": 1.5006097891333543,
  "hv_nols_mean": 2.0122585235905066,
  "hv_nols_std": 1.0095236217364731,
  "c_hn_mean": 0.8589333333333333,
  "c_hn_std": 0.3224984685579487,
  "c_nh_mean": 0.14626666666666666,
  "c_nh_std": 0.29613948665376516,
  "time_hmoa_mean": 198.8323220094045,
  "time_nols_mean": 75.2880512078603
}