{
  "name": "n80w80_002",
  "n": 80,
  "hv_hmoa_mean": 5.7867356215821495,
  "hv_hmoa_std": 7.247627174231804,
  "hv_nols_mean": 3.2073206688258296,
  "hv_nols_std": 2.124585224619119,
  "c_hn_mean": 0.8234666666666667,
  "c_hn_std": 0.3338178878104381,
  "c_nh_mean": 0.029600000000000005,
  "c_nh_std": 0.0826339720292649,
  "time_hmoa_mean": 236.29332613945007,
  "time_nols_mean": 66.07995529174805
}