{
  "name": "n80w80_004",
  "n": 80,
  "hv_hmoa_mean": 15.19664457433419,
  "hv_hmoa_std": 15.142937061766396,
  "hv_nols_mean": 5.725730236080418,
  "hv_nols_std": 5.699029733479381,
  "c_hn_mean": 0.8717333333333332,
  "c_hn_std": 0.29917028967165543,
  "c_nh_mean": 0.07093333333333333,
  "c_nh_std": 0.24856051353521316,
  "time_hmoa_mean": 191.98385818799338,
  "time_nols_mean": 81.63723168373107
}