{
  "name": "n80w80_005",
  "n": 80,
  "hv_hmoa_mean": 15.693874283816942,
  "hv_hmoa_std": 40.67187179098498,
  "hv_nols_mean": 2.0054165759067457,
  "hv_nols_std": 0.8552973210054667,
  "c_hn_mean": 0.8063999999999999,
  "c_hn_std": 0.3748828794881587,
  "c_nh_mean": 0.0664,
  "c_nh_std": 0.24418921625111403,
  "time_hmoa_mean": 194.71589477856955,
  "time_nols_mean": 83.24071324666342
}