{
  "name": "n80w80_003",
  "n": 80,
  "hv_hmoa_mean": 13.401907774159605,
  "hv_hmoa_std": 29.832593856754404,
  "hv_nols_mean": 4.562420096824169,
  "hv_nols_std": 5.56036717282612,
  "c_hn_mean": 0.7925333333333333,
  "c_hn_std": 0.38187709482967885,
  "c_nh_mean": 0.06906666666666667,
  "c_nh_std": 0.21541880656577367,
  "time_hmoa_mean": 220.35969495773315,
  "time_nols_mean": 70.84297750790914
}