{
  "n20w80_001": {
    "name": "n20w80_001",
    "n": 20,
    "hv_hmoa_mean": 3.2091239067785975,
    "hv_hmoa_std": 1.8304722752441456,
    "hv_nols_mean": 1.9666178535274645,
    "hv_nols_std": 0.5861068560165745,
    "c_hn_mean": 0.9869333333333332,
    "c_hn_std": 0.011727271161224554,
    "c_nh_mean": 0.006666666666666667,
    "c_nh_std": 0.007542472332656507,
    "time_hmoa_mean": 84.33564394315084,
    "time_nols_mean": 65.9209956963857
  },
  "n20w80_002": {
    "name": "n20w80_002",
    "n": 20,
    "hv_hmoa_mean": 7.03470211580573,
    "hv_hmoa_std": 8.9937744324648,
    "hv_nols_mean": 3.0284627045840695,
    "hv_nols_std": 1.0577303417173367,
    "c_hn_mean": 0.9954666666666667,
    "c_hn_std": 0.005239168721170272,
    "c_nh_mean": 0.0005333333333333334,
    "c_nh_std": 0.001359738536958076,
    "time_hmoa_mean": 89.38033054669698,
    "time_nols_mean": 68.32849496205648
  },
  "n20w80_003": {
    "name": "n20w80_003",
    "n": 20,
    "hv_hmoa_mean": 5.578600521560317,
    "hv_hmoa_std": 6.965813562558693,
    "hv_nols_mean": 4.202724691942277,
    "hv_nols_std": 3.569533080738589,
    "c_hn_mean": 0.7925429951690821,
    "c_hn_std": 0.3638882456864785,
    "c_nh_mean": 0.1304,
    "c_nh_std": 0.31459705444690145,
    "time_hmoa_mean": 69.97968022028606,
    "time_nols_mean": 57.9811794757843
  },
  "n20w80_004": {
    "name": "n20w80_004",
    "n": 20,
    "hv_hmoa_mean": 2.74131953447992,
    "hv_hmoa_std": 2.0012486752686387,
    "hv_nols_mean": 2.80507421254184,
    "hv_nols_std": 1.7003773308341599,
    "c_hn_mean": 0.9949333333333334,
    "c_hn_std": 0.008449589076135933,
    "c_nh_mean": 0.0010666666666666667,
    "c_nh_std": 0.0030868898407440597,
    "time_hmoa_mean": 88.05086448987325,
    "time_nols_mean": 65.46319756507873
  },
  "n20w80_005": {
    "name": "n20w80_005",
    "n": 20,
    "hv_hmoa_mean": 1.423529121747594,
    "hv_hmoa_std": 0.27129996027255765,
    "hv_nols_mean": 1.341189058411762,
    "hv_nols_std": 0.21974055521696634,
    "c_hn_mean": 0.45933333333333326,
    "c_hn_std": 0.463042498649482,
    "c_nh_mean": 0.4683999999999999,
    "c_nh_std": 0.46301170611551495,
    "time_hmoa_mean": 90.99048929214477,
    "time_nols_mean": 62.76317836443583
  },
  "n40w80_001": {
    "name": "n40w80_001",
    "n": 40,
    "hv_hmoa_mean": 55.99695541800314,
    "hv_hmoa_std": 98.2698878739908,
    "hv_nols_mean": 7.003518921609461,
    "hv_nols_std": 3.3606577922180847,
    "c_hn_mean": 0.8086666666666668,
    "c_hn_std": 0.3813587404123431,
    "c_nh_mean": 0.012266666666666667,
    "c_nh_std": 0.043804819623212955,
    "time_hmoa_mean": 77.78149841626485,
    "time_nols_mean": 79.5706932703654
  },
  "n40w80_002": {
    "name": "n40w80_002",
    "n": 40,
    "hv_hmoa_mean": 5.264342736620275,
    "hv_hmoa_std": 3.207798551246284,
    "hv_nols_mean": 5.047041592251017,
    "hv_nols_std": 2.1519572970380643,
    "c_hn_mean": 0.8050666666666667,
    "c_hn_std": 0.38405962500054025,
    "c_nh_mean": 0.09400000000000001,
    "c_nh_std": 0.2558509983043516,
    "time_hmoa_mean": 106.7540727933248,
    "time_nols_mean": 81.37331983248393
  },
  "n40w80_003": {
    "name": "n40w80_003",
    "n": 40,
    "hv_hmoa_mean": 5.627140648266977,
    "hv_hmoa_std": 8.64996721615352,
    "hv_nols_mean": 2.760845539953186,
    "hv_nols_std": 1.696353468821434,
    "c_hn_mean": 0.8726666666666667,
    "c_hn_std": 0.20232866551452588,
    "c_nh_mean": 0.0732,
    "c_nh_std": 0.22975441961654042,
    "time_hmoa_mean": 54.89983393351237,
    "time_nols_mean": 66.00774586995443
  },
  "n40w80_004": {
    "name": "n40w80_004",
    "n": 40,
    "hv_hmoa_mean": 15.44412029509674,
    "hv_hmoa_std": 20.563120292461274,
    "hv_nols_mean": 6.297313452966972,
    "hv_nols_std": 3.564240602825183,
    "c_hn_mean": 0.9248,
    "c_hn_std": 0.24530666521723377,
    "c_nh_mean": 0.08693333333333333,
    "c_nh_std": 0.24441807534541213,
    "time_hmoa_mean": 103.6868290424347,
    "time_nols_mean": 73.68189140955607
  },
  "n40w80_005": {
    "name": "n40w80_005",
    "n": 40,
    "hv_hmoa_mean": 11.284739400183073,
    "hv_hmoa_std": 9.396652597444657,
    "hv_nols_mean": 3.88193824044026,
    "hv_nols_std": 2.5062579296284526,
    "c_hn_mean": 0.8081333333333334,
    "c_hn_std": 0.36070927659574026,
    "c_nh_mean": 0.02546666666666667,
    "c_nh_std": 0.08897779997779721,
    "time_hmoa_mean": 107.70297943751017,
    "time_nols_mean": 83.8981355190277
  },
  "n60w80_001": {
    "name": "n60w80_001",
    "n": 60,
    "hv_hmoa_mean": 10.959625760369638,
    "hv_hmoa_std": 10.745708831330237,
    "hv_nols_mean": 2.872641468589485,
    "hv_nols_std": 0.9590667462289196,
    "c_hn_mean": 0.9853333333333334,
    "c_hn_std": 0.021199580708641908,
    "c_nh_mean": 0.0016,
    "c_nh_std": 0.004079215610874228,
    "time_hmoa_mean": 158.24249715805053,
    "time_nols_mean": 78.47795883814494
  },
  "n60w80_002": {
    "name": "n60w80_002",
    "n": 60,
    "hv_hmoa_mean": 12.28258397238854,
    "hv_hmoa_std": 11.146453468508987,
    "hv_nols_mean": 7.333093398453116,
    "hv_nols_std": 5.162058272345329,
    "c_hn_mean": 0.7180000000000001,
    "c_hn_std": 0.4257204090323445,
    "c_nh_mean": 0.25786666666666663,
    "c_nh_std": 0.42076214447383714,
    "time_hmoa_mean": 159.30053065617878,
    "time_nols_mean": 75.08535159428915
  },
  "n60w80_003": {
    "name": "n60w80_003",
    "n": 60,
    "hv_hmoa_mean": 8.764013600679172,
    "hv_hmoa_std": 16.6713864989991,
    "hv_nols_mean": 4.568143960147663,
    "hv_nols_std": 2.2627253580489266,
    "c_hn_mean": 0.7485333333333334,
    "c_hn_std": 0.4094011670178232,
    "c_nh_mean": 0.11600000000000002,
    "c_nh_std": 0.2917789117351241,
    "time_hmoa_mean": 173.24254733721415,
    "time_nols_mean": 71.7059266726176
  },
  "n60w80_004": {
    "name": "n60w80_004",
    "n": 60,
    "hv_hmoa_mean": 12.47605914924099,
    "hv_hmoa_std": 9.058631665674394,
    "hv_nols_mean": 4.505713389787582,
    "hv_nols_std": 2.0752403041674548,
    "c_hn_mean": 0.8677333333333334,
    "c_hn_std": 0.30779895314239714,
    "c_nh_mean": 0.0029333333333333334,
    "c_nh_std": 0.006923069325731824,
    "time_hmoa_mean": 171.92923812866212,
    "time_nols_mean": 76.0434560139974
  },
  "n60w80_005": {
    "name": "n60w80_005",
    "n": 60,
    "hv_hmoa_mean": 1.962920416909228,
    "hv_hmoa_std": 1.1141896706474819,
    "hv_nols_mean": 1.836405472566194,
    "hv_nols_std": 0.4364626537010353,
    "c_hn_mean": 0.6573333333333333,
    "c_hn_std": 0.43534425713706415,
    "c_nh_mean": 0.32639999999999997,
    "c_nh_std": 0.417100595380379,
    "time_hmoa_mean": 233.51317280133566,
    "time_nols_mean": 58.272392463684085
  },
  "n80w80_001": {
    "name": "n80w80_001",
    "n": 80,
    "hv_hmoa_mean": 2.8176548675474726,
    "hv_hmoa_std": 1.5006097891333543,
    "hv_nols_mean": 2.0122585235905066,
    "hv_nols_std": 1.0095236217364731,
    "c_hn_mean": 0.8589333333333333,
    "c_hn_std": 0.3224984685579487,
    "c_nh_mean": 0.14626666666666666,
    "c_nh_std": 0.29613948665376516,
    "time_hmoa_mean": 198.8323220094045,
    "time_nols_mean": 75.2880512078603
  },
  "n80w80_002": {
    "name": "n80w80_002",
    "n": 80,
    "hv_hmoa_mean": 5.7867356215821495,
    "hv_hmoa_std": 7.247627174231804,
    "hv_nols_mean": 3.2073206688258296,
    "hv_nols_std": 2.124585224619119,
    "c_hn_mean": 0.8234666666666667,
    "c_hn_std": 0.3338178878104381,
    "c_nh_mean": 0.029600000000000005,
    "c_nh_std": 0.0826339720292649,
    "time_hmoa_mean": 236.29332613945007,
    "time_nols_mean": 66.07995529174805
  },
  "n80w80_003": {
    "name": "n80w80_003",
    "n": 80,
    "hv_hmoa_mean": 13.401907774159605,
    "hv_hmoa_std": 29.832593856754404,
    "hv_nols_mean": 4.562420096824169,
    "hv_nols_std": 5.56036717282612,
    "c_hn_mean": 0.7925333333333333,
    "c_hn_std": 0.38187709482967885,
    "c_nh_mean": 0.06906666666666667,
    "c_nh_std": 0.21541880656577367,
    "time_hmoa_mean": 220.35969495773315,