{
  "n60": {
    "scale": "n60",
    "best_epoch": 97,
    "best_val_loss": 0.3503339620615789,
    "val_loss": 0.3503339620615789,
    "val_acc": 0.874919935948759,
    "val_precision": 0.8597992662186793,
    "val_recall": 0.9925497137283942,
    "val_f1": 0.92141764299038,
    "total_time_seconds": 260.10933685302734,
    "avg_epoch_time": 2.599939806461334,
    "total_params": 36354,
    "config": {
      "batch_size": 128,
      "max_epochs": 100,
      "patience": 20,
      "hidden_dim": 128,
      "num_heads": 4,
      "dropout": 0.2,
      "learning_rate": 0.001,
      "weight_decay": 1e-05,
      "num_workers": 0,
      "pin_memory": true,
      "preload": true,
      "seed": 42
    }
  }
}