{
  "n100": {
    "scale": "n100",
    "best_epoch": 99,
    "best_val_loss": 0.2542284433334389,
    "val_loss": 0.2542284433334389,
    "val_acc": 0.8992022835588858,
    "val_precision": 0.8883585436521867,
    "val_recall": 0.9859165576391917,
    "val_f1": 0.934598551411657,
    "total_time_seconds": 224.46565651893616,
    "avg_epoch_time": 2.243303830623627,
    "total_params": 36354,
    "config": {
      "batch_size": 64,
      "max_epochs": 100,
      "patience": 20,
      "hidden_dim": 128,
      "num_heads": 4,
      "dropout": 0.2,
      "learning_rate": 0.001,
      "weight_decay": 1e-05,
      "num_workers": 0,
      "pin_memory": true,
      "preload": true,
      "seed": 42
    }
  }
}