{
  "name": "n20w80_001",
  "n": 20,
  "hv_hmoa_mean": 2.372903034201045,
  "hv_hmoa_std": 0.7335681707529916,
  "hv_nols_mean": 1.7740815144176811,
  "hv_nols_std": 0.5621486426181109,
  "c_hn_mean": 0.9922666666666667,
  "c_hn_std": 0.007224649164876842,
  "c_nh_mean": 0.005599999999999999,
  "c_nh_std": 0.0112,
  "time_hmoa_mean": 80.43952652613322,
  "time_nols_mean": 68.57618999481201
}