{
  "name": "n20w80_004",
  "n": 20,
  "hv_hmoa_mean": 3.3170888957796936,
  "hv_hmoa_std": 1.9845407108178637,
  "hv_nols_mean": 3.298987667953896,
  "hv_nols_std": 2.1310305820078965,
  "c_hn_mean": 0.9277333333333332,
  "c_hn_std": 0.24189239113475416,
  "c_nh_mean": 0.0572,
  "c_nh_std": 0.20339229746149845,
  "time_hmoa_mean": 78.81366214752197,
  "time_nols_mean": 69.90785150527954
}