{
  "name": "n40w80_005",
  "n": 40,
  "hv_hmoa_mean": 24.394901048522904,
  "hv_hmoa_std": 48.620714855503415,
  "hv_nols_mean": 4.825022722925623,
  "hv_nols_std": 2.5440139135605477,
  "c_hn_mean": 0.6846666666666666,
  "c_hn_std": 0.43889538110528753,
  "c_nh_mean": 0.004533333333333334,
  "c_nh_std": 0.010818913480053758,
  "time_hmoa_mean": 105.18337333997091,
  "time_nols_mean": 90.13719553947449
}