{
  "name": "n40w80_003",
  "n": 40,
  "hv_hmoa_mean": 226.53805048095737,
  "hv_hmoa_std": 823.3371964755388,
  "hv_nols_mean": 2.183387286918171,
  "hv_nols_std": 1.7157249932210805,
  "c_hn_mean": 0.8885333333333334,
  "c_hn_std": 0.2429655302484056,
  "c_nh_mean": 0.15986666666666668,
  "c_nh_std": 0.276414632190282,
  "time_hmoa_mean": 51.645815165837604,
  "time_nols_mean": 57.847643089294436
}