{
  "name": "n40w80_004",
  "n": 40,
  "hv_hmoa_mean": 11.27171284693757,
  "hv_hmoa_std": 19.96047847248293,
  "hv_nols_mean": 4.311392133318951,
  "hv_nols_std": 2.755353271775679,
  "c_hn_mean": 0.5362666666666667,
  "c_hn_std": 0.4848493190901914,
  "c_nh_mean": 0.35346666666666665,
  "c_nh_std": 0.4565531537753542,
  "time_hmoa_mean": 84.42831271489462,
  "time_nols_mean": 85.750706020991
}