{
  "name": "n40w80_001",
  "n": 40,
  "hv_hmoa_mean": 23.197512258648796,
  "hv_hmoa_std": 49.91615287929225,
  "hv_nols_mean": 30.883366339353284,
  "hv_nols_std": 100.64886600967633,
  "c_hn_mean": 0.8077333333333333,
  "c_hn_std": 0.3825513415071092,
  "c_nh_mean": 0.0272,
  "c_nh_std": 0.10177308092025118,
  "time_hmoa_mean": 80.67469515800477,
  "time_nols_mean": 84.70911455154419
}