{
  "name": "n60w80_004",
  "n": 60,
  "hv_hmoa_mean": 6.100226266058606,
  "hv_hmoa_std": 5.178134639801523,
  "hv_nols_mean": 2.8761292837363164,
  "hv_nols_std": 1.32431678967459,
  "c_hn_mean": 0.9207999999999998,
  "c_hn_std": 0.24328068836907982,
  "c_nh_mean": 0.11300381388253242,
  "c_nh_std": 0.2876046250339858,
  "time_hmoa_mean": 150.1661316871643,
  "time_nols_mean": 70.44234619140624
}