{
  "name": "n60w80_002",
  "n": 60,
  "hv_hmoa_mean": 20.509052132440335,
  "hv_hmoa_std": 22.72061917233046,
  "hv_nols_mean": 9.836372609905451,
  "hv_nols_std": 14.443852368344116,
  "c_hn_mean": 0.9833333333333332,
  "c_hn_std": 0.012169177823044957,
  "c_nh_mean": 0.009333333333333334,
  "c_nh_std": 0.013907631797765652,
  "time_hmoa_mean": 144.1841977596283,
  "time_nols_mean": 95.52050743103027
}