{
  "name": "n60w80_005",
  "n": 60,
  "hv_hmoa_mean": 4.670281116054501,
  "hv_hmoa_std": 9.436397649713518,
  "hv_nols_mean": 1.3293423628522483,
  "hv_nols_std": 0.5160812098369073,
  "c_hn_mean": 0.6522666666666666,
  "c_hn_std": 0.4361026586583586,
  "c_nh_mean": 0.1484,
  "c_nh_std": 0.3130105003563512,
  "time_hmoa_mean": 165.5240165710449,
  "time_nols_mean": 70.17266503969829
}