{
  "name": "n80w80_002",
  "n": 80,
  "hv_hmoa_mean": 10.408958518710698,
  "hv_hmoa_std": 21.457233816747998,
  "hv_nols_mean": 5.08594202542106,
  "hv_nols_std": 3.6528524066677357,
  "c_hn_mean": 0.5257333333333333,
  "c_hn_std": 0.42896145384974727,
  "c_nh_mean": 0.19173333333333334,
  "c_nh_std": 0.3259062169125073,
  "time_hmoa_mean": 204.14155325889587,
  "time_nols_mean": 83.27745946248372
}