{
  "name": "n80w80_003",
  "n": 80,
  "hv_hmoa_mean": 6.795608290298789,
  "hv_hmoa_std": 8.732294514189997,
  "hv_nols_mean": 2.1652176101710254,
  "hv_nols_std": 0.909960407793067,
  "c_hn_mean": 0.7837333333333334,
  "c_hn_std": 0.36605782178351126,
  "c_nh_mean": 0.06586666666666667,
  "c_nh_std": 0.22520564429476944,
  "time_hmoa_mean": 192.37836627960206,
  "time_nols_mean": 83.96710621515909
}