{
  "name": "n80w80_005",
  "n": 80,
  "hv_hmoa_mean": 8.094893885856656,
  "hv_hmoa_std": 5.199649623686883,
  "hv_nols_mean": 1.9485612473030651,
  "hv_nols_std": 0.6065010602326046,
  "c_hn_mean": 0.9810666666666668,
  "c_hn_std": 0.03491602624711021,
  "c_nh_mean": 0.005333333333333333,
  "c_nh_std": 0.015014067477609866,
  "time_hmoa_mean": 142.4080837249756,
  "time_nols_mean": 90.09581637382507
}