{
  "n20w80_001": {
    "name": "n20w80_001",
    "n": 20,
    "hv_hmoa_mean": 2.372903034201045,
    "hv_hmoa_std": 0.7335681707529916,
    "hv_nols_mean": 1.7740815144176811,
    "hv_nols_std": 0.5621486426181109,
    "c_hn_mean": 0.9922666666666667,
    "c_hn_std": 0.007224649164876842,
    "c_nh_mean": 0.005599999999999999,
    "c_nh_std": 0.0112,
    "time_hmoa_mean": 80.43952652613322,
    "time_nols_mean": 68.57618999481201
  },
  "n20w80_002": {
    "name": "n20w80_002",
    "n": 20,
    "hv_hmoa_mean": 3.265169062255089,
    "hv_hmoa_std": 1.1325406825255944,
    "hv_nols_mean": 1.9821133762413845,
    "hv_nols_std": 0.30262107165315993,
    "c_hn_mean": 0.7965333333333332,
    "c_hn_std": 0.38981942258207486,
    "c_nh_mean": 0.19160000000000002,
    "c_nh_std": 0.37594481864585744,
    "time_hmoa_mean": 82.41410853068034,
    "time_nols_mean": 71.21697896321615
  },
  "n20w80_003": {
    "name": "n20w80_003",
    "n": 20,
    "hv_hmoa_mean": 4.473961353643526,
    "hv_hmoa_std": 3.1330593955775115,
    "hv_nols_mean": 4.33145098611368,
    "hv_nols_std": 2.979200358485171,
    "c_hn_mean": 0.8670666666666667,
    "c_hn_std": 0.2581140488664308,
    "c_nh_mean": 0.08373333333333335,
    "c_nh_std": 0.2456250439638072,
    "time_hmoa_mean": 64.19035305976868,
    "time_nols_mean": 61.750596110026045
  },
  "n20w80_004": {
    "name": "n20w80_004",
    "n": 20,
    "hv_hmoa_mean": 3.3170888957796936,
    "hv_hmoa_std": 1.9845407108178637,
    "hv_nols_mean": 3.298987667953896,
    "hv_nols_std": 2.1310305820078965,
    "c_hn_mean": 0.9277333333333332,
    "c_hn_std": 0.24189239113475416,
    "c_nh_mean": 0.0572,
    "c_nh_std": 0.20339229746149845,
    "time_hmoa_mean": 78.81366214752197,
    "time_nols_mean": 69.90785150527954
  },
  "n20w80_005": {
    "name": "n20w80_005",
    "n": 20,
    "hv_hmoa_mean": 1.5602233172827973,
    "hv_hmoa_std": 0.3929102973047374,
    "hv_nols_mean": 1.412658285915221,
    "hv_nols_std": 0.24966057503434133,
    "c_hn_mean": 0.5874666666666666,
    "c_hn_std": 0.46258835072040266,
    "c_nh_mean": 0.2770666666666667,
    "c_nh_std": 0.41576523290059847,
    "time_hmoa_mean": 86.79052621523539,
    "time_nols_mean": 68.73083267211913
  },
  "n40w80_001": {
    "name": "n40w80_001",
    "n": 40,
    "hv_hmoa_mean": 23.197512258648796,
    "hv_hmoa_std": 49.91615287929225,
    "hv_nols_mean": 30.883366339353284,
    "hv_nols_std": 100.64886600967633,
    "c_hn_mean": 0.8077333333333333,
    "c_hn_std": 0.3825513415071092,
    "c_nh_mean": 0.0272,
    "c_nh_std": 0.10177308092025118,
    "time_hmoa_mean": 80.67469515800477,
    "time_nols_mean": 84.70911455154419
  },
  "n40w80_002": {
    "name": "n40w80_002",
    "n": 40,
    "hv_hmoa_mean": 6.57470380723415,
    "hv_hmoa_std": 5.972145775248168,
    "hv_nols_mean": 2.954933094899013,
    "hv_nols_std": 1.7389364507718912,
    "c_hn_mean": 0.8642666666666668,
    "c_hn_std": 0.32972058204216226,
    "c_nh_mean": 0.0332,
    "c_nh_std": 0.10735560845464323,
    "time_hmoa_mean": 98.06202239990235,
    "time_nols_mean": 88.06223328908284
  },
  "n40w80_003": {
    "name": "n40w80_003",
    "n": 40,
    "hv_hmoa_mean": 226.53805048095737,
    "hv_hmoa_std": 823.3371964755388,
    "hv_nols_mean": 2.183387286918171,
    "hv_nols_std": 1.7157249932210805,
    "c_hn_mean": 0.8885333333333334,
    "c_hn_std": 0.2429655302484056,
    "c_nh_mean": 0.15986666666666668,
    "c_nh_std": 0.276414632190282,
    "time_hmoa_mean": 51.645815165837604,
    "time_nols_mean": 57.847643089294436
  },
  "n40w80_004": {
    "name": "n40w80_004",
    "n": 40,
    "hv_hmoa_mean": 11.27171284693757,
    "hv_hmoa_std": 19.96047847248293,
    "hv_nols_mean": 4.311392133318951,
    "hv_nols_std": 2.755353271775679,
    "c_hn_mean": 0.5362666666666667,
    "c_hn_std": 0.4848493190901914,
    "c_nh_mean": 0.35346666666666665,
    "c_nh_std": 0.4565531537753542,
    "time_hmoa_mean": 84.42831271489462,
    "time_nols_mean": 85.750706020991
  },
  "n40w80_005": {
    "name": "n40w80_005",
    "n": 40,
    "hv_hmoa_mean": 24.394901048522904,
    "hv_hmoa_std": 48.620714855503415,
    "hv_nols_mean": 4.825022722925623,
    "hv_nols_std": 2.5440139135605477,
    "c_hn_mean": 0.6846666666666666,
    "c_hn_std": 0.43889538110528753,
    "c_nh_mean": 0.004533333333333334,
    "c_nh_std": 0.010818913480053758,
    "time_hmoa_mean": 105.18337333997091,
    "time_nols_mean": 90.13719553947449
  },
  "n60w80_001": {
    "name": "n60w80_001",
    "n": 60,
    "hv_hmoa_mean": 6.4917361500406985,
    "hv_hmoa_std": 4.838211824266481,
    "hv_nols_mean": 3.6914349916956657,
    "hv_nols_std": 1.7332994387241296,
    "c_hn_mean": 0.8057333333333333,
    "c_hn_std": 0.37211816522294217,
    "c_nh_mean": 0.0063999999999999994,
    "c_nh_std": 0.008860398787112613,
    "time_hmoa_mean": 159.40427931149802,
    "time_nols_mean": 93.63284036318461
  },
  "n60w80_002": {
    "name": "n60w80_002",
    "n": 60,
    "hv_hmoa_mean": 20.509052132440335,
    "hv_hmoa_std": 22.72061917233046,
    "hv_nols_mean": 9.836372609905451,
    "hv_nols_std": 14.443852368344116,
    "c_hn_mean": 0.9833333333333332,
    "c_hn_std": 0.012169177823044957,
    "c_nh_mean": 0.009333333333333334,
    "c_nh_std": 0.013907631797765652,
    "time_hmoa_mean": 144.1841977596283,
    "time_nols_mean": 95.52050743103027
  },
  "n60w80_003": {
    "name": "n60w80_003",
    "n": 60,
    "hv_hmoa_mean": 6.753953846259254,
    "hv_hmoa_std": 6.407811706496881,
    "hv_nols_mean": 2.9810555169314337,
    "hv_nols_std": 1.2777669596806953,
    "c_hn_mean": 0.9373333333333334,
    "c_hn_std": 0.22172014392522438,
    "c_nh_mean": 0.0010666666666666667,
    "c_nh_std": 0.0030868898407440597,
    "time_hmoa_mean": 134.98966848055522,
    "time_nols_mean": 71.02398902575175
  },
  "n60w80_004": {
    "name": "n60w80_004",
    "n": 60,
    "hv_hmoa_mean": 6.100226266058606,
    "hv_hmoa_std": 5.178134639801523,
    "hv_nols_mean": 2.8761292837363164,
    "hv_nols_std": 1.32431678967459,
    "c_hn_mean": 0.9207999999999998,
    "c_hn_std": 0.24328068836907982,
    "c_nh_mean": 0.11300381388253242,
    "c_nh_std": 0.2876046250339858,
    "time_hmoa_mean": 150.1661316871643,
    "time_nols_mean": 70.44234619140624
  },
  "n60w80_005": {
    "name": "n60w80_005",
    "n": 60,
    "hv_hmoa_mean": 4.670281116054501,
    "hv_hmoa_std": 9.436397649713518,
    "hv_nols_mean": 1.3293423628522483,
    "hv_nols_std": 0.5160812098369073,
    "c_hn_mean": 0.6522666666666666,
    "c_hn_std": 0.4361026586583586,
    "c_nh_mean": 0.1484,
    "c_nh_std": 0.3130105003563512,
    "time_hmoa_mean": 165.5240165710449,
    "time_nols_mean": 70.17266503969829
  },
  "n80w80_001": {
    "name": "n80w80_001",
    "n": 80,
    "hv_hmoa_mean": 8.934355958306906,
    "hv_hmoa_std": 8.083052984834644,
    "hv_nols_mean": 2.147921994868402,
    "hv_nols_std": 0.5938894467728059,
    "c_hn_mean": 0.7986666666666667,
    "c_hn_std": 0.3776493376430339,
    "c_nh_mean": 0.1484,
    "c_nh_std": 0.31400059447926737,
    "time_hmoa_mean": 142.19369599024455,
    "time_nols_mean": 78.92081836064656
  },
  "n80w80_002": {
    "name": "n80w80_002",
    "n": 80,
    "hv_hmoa_mean": 10.408958518710698,
    "hv_hmoa_std": 21.457233816747998,
    "hv_nols_mean": 5.08594202542106,
    "hv_nols_std": 3.6528524066677357,
    "c_hn_mean": 0.5257333333333333,
    "c_hn_std": 0.42896145384974727,
    "c_nh_mean": 0.19173333333333334,
    "c_nh_std": 0.3259062169125073,
    "time_hmoa_mean": 204.14155325889587,
    "time_nols_mean": 83.27745946248372
  },
  "n80w80_003": {
    "name": "n80w80_003",
    "n": 80,
    "hv_hmoa_mean": 6.795608290298789,
    "hv_hmoa_std": 8.732294514189997,
    "hv_nols_mean": 2.1652176101710254,
    "hv_nols_std": 0.909960407793067,
    "c_hn_mean": 0.7837333333333334,
    "c_hn_std": 0.36605782178351126,
    "c_nh_mean": 0.06586666666666667,
    "c_nh_std": 0.22520564429476944,
    "time_hmoa_mean": 192.37836627960206,
    "time_nols_mean": 83.96710621515909
  },