{
  "n100": {
    "scale": "n100",
    "best_epoch": 99,
    "best_val_loss": 0.28892614357204777,
    "val_loss": 0.28892614357204777,
    "val_acc": 0.894997069092948,
    "val_precision": 0.8788884600540332,
    "val_recall": 0.9931094635848233,
    "val_f1": 0.9325143325143325,
    "total_time_seconds": 225.27423763275146,
    "avg_epoch_time": 2.2520278096199036,
    "total_params": 36354,
    "config": {
      "batch_size": 64,
      "max_epochs": 100,
      "patience": 20,
      "hidden_dim": 128,
      "num_heads": 4,
      "dropout": 0.2,
      "learning_rate": 0.001,
      "weight_decay": 1e-05,
      "num_workers": 0,
      "pin_memory": true,
      "preload": true,
      "seed": 42
    }
  }
}