{
  "name": "n20w80_001",
  "n": 20,
  "hv_hmoa_mean": 3.445729578220599,
  "hv_hmoa_std": 1.797903783957672,
  "hv_nols_mean": 2.4030438659662963,
  "hv_nols_std": 0.8335782333013175,
  "c_hn_mean": 0.9890666666666665,
  "c_hn_std": 0.01181787722995219,
  "c_nh_mean": 0.006133333333333335,
  "c_nh_std": 0.00784743411709982,
  "time_hmoa_mean": 132.68321080207824,
  "time_nols_mean": 112.3882997671763
}