{
  "name": "n20w80_005",
  "n": 20,
  "hv_hmoa_mean": 1.5265747345756855,
  "hv_hmoa_std": 0.3289764993375075,
  "hv_nols_mean": 1.6030849227111332,
  "hv_nols_std": 0.3162188043188448,
  "c_hn_mean": 0.5274666666666666,
  "c_hn_std": 0.47132577080213023,
  "c_nh_mean": 0.45999999999999996,
  "c_nh_std": 0.474344459930404,
  "time_hmoa_mean": 153.62528295516967,
  "time_nols_mean": 114.48649969100953
}