{
  "name": "n20w80_004",
  "n": 20,
  "hv_hmoa_mean": 2.424922452559885,
  "hv_hmoa_std": 1.2916131615639521,
  "hv_nols_mean": 2.862223422688567,
  "hv_nols_std": 1.448369753027692,
  "c_hn_mean": 0.9901333333333332,
  "c_hn_std": 0.018697118019155308,
  "c_nh_mean": 0.0008,
  "c_nh_std": 0.002166410241236256,
  "time_hmoa_mean": 147.89577813148497,
  "time_nols_mean": 121.41947485605876
}