{
  "name": "n20w80_003",
  "n": 20,
  "hv_hmoa_mean": 2.6834293814713757,
  "hv_hmoa_std": 1.947144269196035,
  "hv_nols_mean": 4.0383194834701435,
  "hv_nols_std": 3.830461573304955,
  "c_hn_mean": 0.7938666666666667,
  "c_hn_std": 0.39378875329575147,
  "c_nh_mean": 0.13653333333333334,
  "c_nh_std": 0.33485476785549223,
  "time_hmoa_mean": 123.28832399050394,
  "time_nols_mean": 103.45284784634909
}