{
  "name": "n20w80_002",
  "n": 20,
  "hv_hmoa_mean": 3.33989785863096,
  "hv_hmoa_std": 2.0957871423555403,
  "hv_nols_mean": 2.6231904637726586,
  "hv_nols_std": 1.650150489754343,
  "c_hn_mean": 0.9968,
  "c_hn_std": 0.003919183588453089,
  "c_nh_mean": 0.0024000000000000002,
  "c_nh_std": 0.005017303392593808,
  "time_hmoa_mean": 151.53734941482543,
  "time_nols_mean": 122.99068867365519
}