{
  "name": "n40w80_003",
  "n": 40,
  "hv_hmoa_mean": 477.39005868000396,
  "hv_hmoa_std": 1181.0968267100814,
  "hv_nols_mean": 1.5000001566511927,
  "hv_nols_std": 1.1049296204762649,
  "c_hn_mean": 1.0,
  "c_hn_std": 0.0,
  "c_nh_mean": 0.0,
  "c_nh_std": 0.0,
  "time_hmoa_mean": 99.39356889724732,
  "time_nols_mean": 116.89969382286071
}