{
  "name": "n40w80_001",
  "n": 40,
  "hv_hmoa_mean": 30.588372034089996,
  "hv_hmoa_std": 61.383859383915926,
  "hv_nols_mean": 2160.769732188885,
  "hv_nols_std": 8046.111625705912,
  "c_hn_mean": 0.8685333333333333,
  "c_hn_std": 0.3336133224091761,
  "c_nh_mean": 0.06613333333333334,
  "c_nh_std": 0.24744827517864998,
  "time_hmoa_mean": 138.41984866460163,
  "time_nols_mean": 140.2404895623525
}