{
  "name": "n40w80_004",
  "n": 40,
  "hv_hmoa_mean": 89.88155008676677,
  "hv_hmoa_std": 234.59303736117977,
  "hv_nols_mean": 4.433107316587041,
  "hv_nols_std": 3.2027091786013093,
  "c_hn_mean": 0.6034666666666666,
  "c_hn_std": 0.4840382721323686,
  "c_nh_mean": 0.26613333333333333,
  "c_nh_std": 0.43356473821359387,
  "time_hmoa_mean": 143.74071429570515,
  "time_nols_mean": 142.92816495895386
}