{
  "name": "n40w80_002",
  "n": 40,
  "hv_hmoa_mean": 4.8394530528148225,
  "hv_hmoa_std": 3.474022028708557,
  "hv_nols_mean": 4.301078361747035,
  "hv_nols_std": 2.6562932370090837,
  "c_hn_mean": 0.9298666666666667,
  "c_hn_std": 0.24649377724847785,
  "c_nh_mean": 0.050666666666666665,
  "c_nh_std": 0.17075622650108221,
  "time_hmoa_mean": 189.06250545183818,
  "time_nols_mean": 148.87793436050416
}