{
  "name": "n40w80_005",
  "n": 40,
  "hv_hmoa_mean": 30.126028731316794,
  "hv_hmoa_std": 45.79085813532598,
  "hv_nols_mean": 5.386845032288033,
  "hv_nols_std": 3.2087467466320354,
  "c_hn_mean": 0.9328000000000001,
  "c_hn_std": 0.2292489767334488,
  "c_nh_mean": 0.0032,
  "c_nh_std": 0.009027365802565733,
  "time_hmoa_mean": 192.06535344123841,
  "time_nols_mean": 154.67249956130982
}