{
  "name": "n60w80_002",
  "n": 60,
  "hv_hmoa_mean": 7.904680819920559,
  "hv_hmoa_std": 7.776040400228192,
  "hv_nols_mean": 12.683975089154904,
  "hv_nols_std": 20.962510202916157,
  "c_hn_mean": 0.9226666666666666,
  "c_hn_std": 0.24681725133295596,
  "c_nh_mean": 0.006666666666666667,
  "c_nh_std": 0.00782020175926143,
  "time_hmoa_mean": 260.7527533690135,
  "time_nols_mean": 163.5627657254537
}