{
  "name": "n60w80_003",
  "n": 60,
  "hv_hmoa_mean": 8.21471391206634,
  "hv_hmoa_std": 15.634208321030812,
  "hv_nols_mean": 3.599389430602157,
  "hv_nols_std": 2.283696028853419,
  "c_hn_mean": 0.9917333333333335,
  "c_hn_std": 0.010779404230084135,
  "c_nh_mean": 0.003466666666666667,
  "c_nh_std": 0.0081147328291749,
  "time_hmoa_mean": 284.2122402191162,
  "time_nols_mean": 154.82750865618388
}