{
  "name": "n60w80_005",
  "n": 60,
  "hv_hmoa_mean": 2.2083004705376372,
  "hv_hmoa_std": 1.1522059484546234,
  "hv_nols_mean": 1.6829659851722645,
  "hv_nols_std": 0.44058087984241656,
  "c_hn_mean": 0.7744,
  "c_hn_std": 0.3763113604450442,
  "c_nh_mean": 0.1504,
  "c_nh_std": 0.3243826546945238,
  "time_hmoa_mean": 413.4795129140218,
  "time_nols_mean": 133.26762634913126
}