{
  "name": "n60w80_001",
  "n": 60,
  "hv_hmoa_mean": 8.031151511334421,
  "hv_hmoa_std": 5.8428394381526365,
  "hv_nols_mean": 3.0893961977360496,
  "hv_nols_std": 1.7806813408084143,
  "c_hn_mean": 0.8026666666666666,
  "c_hn_std": 0.353266408756275,
  "c_nh_mean": 0.003466666666666667,
  "c_nh_std": 0.005031456603763522,
  "time_hmoa_mean": 260.92468902269997,
  "time_nols_mean": 164.41504403750102
}