{
  "name": "n60w80_004",
  "n": 60,
  "hv_hmoa_mean": 6.710184428333771,
  "hv_hmoa_std": 6.879563513154471,
  "hv_nols_mean": 2.8958551244750605,
  "hv_nols_std": 0.8081305341012447,
  "c_hn_mean": 0.8664000000000001,
  "c_hn_std": 0.32738739539980255,
  "c_nh_mean": 0.1296,
  "c_nh_std": 0.32424451678735705,
  "time_hmoa_mean": 307.17947325706484,
  "time_nols_mean": 153.68945085207622
}