{
  "name": "n80w80_004",
  "n": 80,
  "hv_hmoa_mean": 56.643438288944985,
  "hv_hmoa_std": 168.01723933965343,
  "hv_nols_mean": 3.48296616106917,
  "hv_nols_std": 2.477260324247902,
  "c_hn_mean": 0.7997333333333334,
  "c_hn_std": 0.37212604794015103,
  "c_nh_mean": 0.0002666666666666667,
  "c_nh_std": 0.0009977753031397175,
  "time_hmoa_mean": 391.4740535418193,
  "time_nols_mean": 242.51166461308796
}