{
  "name": "n80w80_002",
  "n": 80,
  "hv_hmoa_mean": 4.115755754360732,
  "hv_hmoa_std": 2.659991099704554,
  "hv_nols_mean": 3.152080839589963,
  "hv_nols_std": 1.703704671789364,
  "c_hn_mean": 0.8759999999999999,
  "c_hn_std": 0.28154620698327065,
  "c_nh_mean": 0.0752,
  "c_nh_std": 0.24138798644505902,
  "time_hmoa_mean": 548.0906943639119,
  "time_nols_mean": 225.35811904271443
}