{
  "name": "n80w80_005",
  "n": 80,
  "hv_hmoa_mean": 11.9661097957412,
  "hv_hmoa_std": 18.114652697614723,
  "hv_nols_mean": 1.7602779540809868,
  "hv_nols_std": 0.8465198995895076,
  "c_hn_mean": 0.9696,
  "c_hn_std": 0.04122911592552039,
  "c_nh_mean": 0.009333333333333332,
  "c_nh_std": 0.020430913396669814,
  "time_hmoa_mean": 371.09763498306273,
  "time_nols_mean": 260.6089462916056
}