{
  "name": "n80w80_001",
  "n": 80,
  "hv_hmoa_mean": 6.235548028264303,
  "hv_hmoa_std": 3.9772538586093646,
  "hv_nols_mean": 3.4037541897840398,
  "hv_nols_std": 2.692795689140506,
  "c_hn_mean": 0.7906666666666666,
  "c_hn_std": 0.37865633788730146,
  "c_nh_mean": 0.13706666666666667,
  "c_nh_std": 0.3315755251656685,
  "time_hmoa_mean": 324.3121899922689,
  "time_nols_mean": 240.32672843933105
}