{
  "name": "n80w80_003",
  "n": 80,
  "hv_hmoa_mean": 18.738980548111535,
  "hv_hmoa_std": 45.37306267954172,
  "hv_nols_mean": 3.31552798115367,
  "hv_nols_std": 1.427557409480979,
  "c_hn_mean": 0.5311999999999999,
  "c_hn_std": 0.4643359703203418,
  "c_nh_mean": 0.1464,
  "c_nh_std": 0.31514584983252864,
  "time_hmoa_mean": 427.21754132906597,
  "time_nols_mean": 241.1391134262085
}