{
  "n20w80_001": {
    "name": "n20w80_001",
    "n": 20,
    "hv_hmoa_mean": 3.445729578220599,
    "hv_hmoa_std": 1.797903783957672,
    "hv_nols_mean": 2.4030438659662963,
    "hv_nols_std": 0.8335782333013175,
    "c_hn_mean": 0.9890666666666665,
    "c_hn_std": 0.01181787722995219,
    "c_nh_mean": 0.006133333333333335,
    "c_nh_std": 0.00784743411709982,
    "time_hmoa_mean": 132.68321080207824,
    "time_nols_mean": 112.3882997671763
  },
  "n20w80_002": {
    "name": "n20w80_002",
    "n": 20,
    "hv_hmoa_mean": 3.33989785863096,
    "hv_hmoa_std": 2.0957871423555403,
    "hv_nols_mean": 2.6231904637726586,
    "hv_nols_std": 1.650150489754343,
    "c_hn_mean": 0.9968,
    "c_hn_std": 0.003919183588453089,
    "c_nh_mean": 0.0024000000000000002,
    "c_nh_std": 0.005017303392593808,
    "time_hmoa_mean": 151.53734941482543,
    "time_nols_mean": 122.99068867365519
  },
  "n20w80_003": {
    "name": "n20w80_003",
    "n": 20,
    "hv_hmoa_mean": 2.6834293814713757,
    "hv_hmoa_std": 1.947144269196035,
    "hv_nols_mean": 4.0383194834701435,
    "hv_nols_std": 3.830461573304955,
    "c_hn_mean": 0.7938666666666667,
    "c_hn_std": 0.39378875329575147,
    "c_nh_mean": 0.13653333333333334,
    "c_nh_std": 0.33485476785549223,
    "time_hmoa_mean": 123.28832399050394,
    "time_nols_mean": 103.45284784634909
  },
  "n20w80_004": {
    "name": "n20w80_004",
    "n": 20,
    "hv_hmoa_mean": 2.424922452559885,
    "hv_hmoa_std": 1.2916131615639521,
    "hv_nols_mean": 2.862223422688567,
    "hv_nols_std": 1.448369753027692,
    "c_hn_mean": 0.9901333333333332,
    "c_hn_std": 0.018697118019155308,
    "c_nh_mean": 0.0008,
    "c_nh_std": 0.002166410241236256,
    "time_hmoa_mean": 147.89577813148497,
    "time_nols_mean": 121.41947485605876
  },
  "n20w80_005": {
    "name": "n20w80_005",
    "n": 20,
    "hv_hmoa_mean": 1.5265747345756855,
    "hv_hmoa_std": 0.3289764993375075,
    "hv_nols_mean": 1.6030849227111332,
    "hv_nols_std": 0.3162188043188448,
    "c_hn_mean": 0.5274666666666666,
    "c_hn_std": 0.47132577080213023,
    "c_nh_mean": 0.45999999999999996,
    "c_nh_std": 0.474344459930404,
    "time_hmoa_mean": 153.62528295516967,
    "time_nols_mean": 114.48649969100953
  },
  "n40w80_001": {
    "name": "n40w80_001",
    "n": 40,
    "hv_hmoa_mean": 30.588372034089996,
    "hv_hmoa_std": 61.383859383915926,
    "hv_nols_mean": 2160.769732188885,
    "hv_nols_std": 8046.111625705912,
    "c_hn_mean": 0.8685333333333333,
    "c_hn_std": 0.3336133224091761,
    "c_nh_mean": 0.06613333333333334,
    "c_nh_std": 0.24744827517864998,
    "time_hmoa_mean": 138.41984866460163,
    "time_nols_mean": 140.2404895623525
  },
  "n40w80_002": {
    "name": "n40w80_002",
    "n": 40,
    "hv_hmoa_mean": 4.8394530528148225,
    "hv_hmoa_std": 3.474022028708557,
    "hv_nols_mean": 4.301078361747035,
    "hv_nols_std": 2.6562932370090837,
    "c_hn_mean": 0.9298666666666667,
    "c_hn_std": 0.24649377724847785,
    "c_nh_mean": 0.050666666666666665,
    "c_nh_std": 0.17075622650108221,
    "time_hmoa_mean": 189.06250545183818,
    "time_nols_mean": 148.87793436050416
  },
  "n40w80_003": {
    "name": "n40w80_003",
    "n": 40,
    "hv_hmoa_mean": 477.39005868000396,
    "hv_hmoa_std": 1181.0968267100814,
    "hv_nols_mean": 1.5000001566511927,
    "hv_nols_std": 1.1049296204762649,
    "c_hn_mean": 1.0,
    "c_hn_std": 0.0,
    "c_nh_mean": 0.0,
    "c_nh_std": 0.0,
    "time_hmoa_mean": 99.39356889724732,
    "time_nols_mean": 116.89969382286071
  },
  "n40w80_004": {
    "name": "n40w80_004",
    "n": 40,
    "hv_hmoa_mean": 89.88155008676677,
    "hv_hmoa_std": 234.59303736117977,
    "hv_nols_mean": 4.433107316587041,
    "hv_nols_std": 3.2027091786013093,
    "c_hn_mean": 0.6034666666666666,
    "c_hn_std": 0.4840382721323686,
    "c_nh_mean": 0.26613333333333333,
    "c_nh_std": 0.43356473821359387,
    "time_hmoa_mean": 143.74071429570515,
    "time_nols_mean": 142.92816495895386
  },
  "n40w80_005": {
    "name": "n40w80_005",
    "n": 40,
    "hv_hmoa_mean": 30.126028731316794,
    "hv_hmoa_std": 45.79085813532598,
    "hv_nols_mean": 5.386845032288033,
    "hv_nols_std": 3.2087467466320354,
    "c_hn_mean": 0.9328000000000001,
    "c_hn_std": 0.2292489767334488,
    "c_nh_mean": 0.0032,
    "c_nh_std": 0.009027365802565733,
    "time_hmoa_mean": 192.06535344123841,
    "time_nols_mean": 154.67249956130982
  },
  "n60w80_001": {
    "name": "n60w80_001",
    "n": 60,
    "hv_hmoa_mean": 8.031151511334421,
    "hv_hmoa_std": 5.8428394381526365,
    "hv_nols_mean": 3.0893961977360496,
    "hv_nols_std": 1.7806813408084143,
    "c_hn_mean": 0.8026666666666666,
    "c_hn_std": 0.353266408756275,
    "c_nh_mean": 0.003466666666666667,
    "c_nh_std": 0.005031456603763522,
    "time_hmoa_mean": 260.92468902269997,
    "time_nols_mean": 164.41504403750102
  },
  "n60w80_002": {
    "name": "n60w80_002",
    "n": 60,
    "hv_hmoa_mean": 7.904680819920559,
    "hv_hmoa_std": 7.776040400228192,
    "hv_nols_mean": 12.683975089154904,
    "hv_nols_std": 20.962510202916157,
    "c_hn_mean": 0.9226666666666666,
    "c_hn_std": 0.24681725133295596,
    "c_nh_mean": 0.006666666666666667,
    "c_nh_std": 0.00782020175926143,
    "time_hmoa_mean": 260.7527533690135,
    "time_nols_mean": 163.5627657254537
  },
  "n60w80_003": {
    "name": "n60w80_003",
    "n": 60,
    "hv_hmoa_mean": 8.21471391206634,
    "hv_hmoa_std": 15.634208321030812,
    "hv_nols_mean": 3.599389430602157,
    "hv_nols_std": 2.283696028853419,
    "c_hn_mean": 0.9917333333333335,
    "c_hn_std": 0.010779404230084135,
    "c_nh_mean": 0.003466666666666667,
    "c_nh_std": 0.0081147328291749,
    "time_hmoa_mean": 284.2122402191162,
    "time_nols_mean": 154.82750865618388
  },
  "n60w80_004": {
    "name": "n60w80_004",
    "n": 60,
    "hv_hmoa_mean": 6.710184428333771,
    "hv_hmoa_std": 6.879563513154471,
    "hv_nols_mean": 2.8958551244750605,
    "hv_nols_std": 0.8081305341012447,
    "c_hn_mean": 0.8664000000000001,
    "c_hn_std": 0.32738739539980255,
    "c_nh_mean": 0.1296,
    "c_nh_std": 0.32424451678735705,
    "time_hmoa_mean": 307.17947325706484,
    "time_nols_mean": 153.68945085207622
  },
  "n60w80_005": {
    "name": "n60w80_005",
    "n": 60,
    "hv_hmoa_mean": 2.2083004705376372,
    "hv_hmoa_std": 1.1522059484546234,
    "hv_nols_mean": 1.6829659851722645,
    "hv_nols_std": 0.44058087984241656,
    "c_hn_mean": 0.7744,
    "c_hn_std": 0.3763113604450442,
    "c_nh_mean": 0.1504,
    "c_nh_std": 0.3243826546945238,
    "time_hmoa_mean": 413.4795129140218,
    "time_nols_mean": 133.26762634913126
  },
  "n80w80_001": {
    "name": "n80w80_001",
    "n": 80,
    "hv_hmoa_mean": 6.235548028264303,
    "hv_hmoa_std": 3.9772538586093646,
    "hv_nols_mean": 3.4037541897840398,
    "hv_nols_std": 2.692795689140506,
    "c_hn_mean": 0.7906666666666666,
    "c_hn_std": 0.37865633788730146,
    "c_nh_mean": 0.13706666666666667,
    "c_nh_std": 0.3315755251656685,
    "time_hmoa_mean": 324.3121899922689,
    "time_nols_mean": 240.32672843933105
  },
  "n80w80_002": {
    "name": "n80w80_002",
    "n": 80,
    "hv_hmoa_mean": 4.115755754360732,
    "hv_hmoa_std": 2.659991099704554,
    "hv_nols_mean": 3.152080839589963,
    "hv_nols_std": 1.703704671789364,
    "c_hn_mean": 0.8759999999999999,
    "c_hn_std": 0.28154620698327065,
    "c_nh_mean": 0.0752,
    "c_nh_std": 0.24138798644505902,
    "time_hmoa_mean": 548.0906943639119,
    "time_nols_mean": 225.35811904271443
  },
  "n80w80_003": {
    "name": "n80w80_003",
    "n": 80,
    "hv_hmoa_mean": 18.738980548111535,
    "hv_hmoa_std": 45.37306267954172,
    "hv_nols_mean": 3.31552798115367,
    "hv_nols_std": 1.427557409480979,
    "c_hn_mean": 0.5311999999999999,
    "c_hn_std": 0.4643359703203418,
    "c_nh_mean": 0.1464,
    "c_nh_std": 0.31514584983252864,
    "time_hmoa_mean": 427.21754132906597,
    "time_nols_mean": 241.1391134262085
  },
  "n80w80_004": {
    "name": "n80w80_004",
    "n": 80,