{
  "name": "n20w80_001",
  "n": 20,
  "hv_hmoa_mean": 3.570471749603224,
  "hv_hmoa_std": 1.3662980790835562,
  "hv_nols_mean": 2.0532425994004027,
  "hv_nols_std": 0.6783012027964375,
  "c_hn_mean": 0.9847999999999999,
  "c_hn_std": 0.01483778959279314,
  "c_nh_mean": 0.006133333333333334,
  "c_nh_std": 0.007283466817998754,
  "time_hmoa_mean": 60.712757937113444,
  "time_nols_mean": 46.93390512466431
}