{
  "name": "n20w80_005",
  "n": 20,
  "hv_hmoa_mean": 2.224274004885045,
  "hv_hmoa_std": 0.48296176196409757,
  "hv_nols_mean": 2.0242580389063654,
  "hv_nols_std": 0.6057776248724228,
  "c_hn_mean": 0.5866666666666666,
  "c_hn_std": 0.4577991796507382,
  "c_nh_mean": 0.3364,
  "c_nh_std": 0.44220550275484666,
  "time_hmoa_mean": 67.75640222231547,
  "time_nols_mean": 45.46428017616272
}