{
  "name": "n20w80_002",
  "n": 20,
  "hv_hmoa_mean": 5.917830518922401,
  "hv_hmoa_std": 7.90037073438177,
  "hv_nols_mean": 1.947730997856653,
  "hv_nols_std": 0.8505889984601793,
  "c_hn_mean": 0.9938666666666667,
  "c_hn_std": 0.012208558018410249,
  "c_nh_mean": 0.0018666666666666666,
  "c_nh_std": 0.004349201714746691,
  "time_hmoa_mean": 64.33941833178203,
  "time_nols_mean": 48.43870975176493
}