{
  "name": "n20w80_003",
  "n": 20,
  "hv_hmoa_mean": 3.515676358173075,
  "hv_hmoa_std": 2.1338275712872266,
  "hv_nols_mean": 5.089568117854393,
  "hv_nols_std": 4.279310836853447,
  "c_hn_mean": 0.8330666666666668,
  "c_hn_std": 0.3311659134364861,
  "c_nh_mean": 0.14333333333333334,
  "c_nh_std": 0.33198206109500694,
  "time_hmoa_mean": 53.559062989552814,
  "time_nols_mean": 42.08423350652059
}