{
  "name": "n20w80_004",
  "n": 20,
  "hv_hmoa_mean": 1.8470952802265772,
  "hv_hmoa_std": 0.5801204680714783,
  "hv_nols_mean": 3.3834386021057608,
  "hv_nols_std": 1.8534623670781667,
  "c_hn_mean": 0.9957333333333335,
  "c_hn_std": 0.006104279009205124,
  "c_nh_mean": 0.0013333333333333333,
  "c_nh_std": 0.003155242550986462,
  "time_hmoa_mean": 67.89372604688009,
  "time_nols_mean": 46.42386480967204
}