{
  "name": "n40w80_001",
  "n": 40,
  "hv_hmoa_mean": 34.47097866266152,
  "hv_hmoa_std": 46.389450405437806,
  "hv_nols_mean": 6.375024247686647,
  "hv_nols_std": 9.564626002385836,
  "c_hn_mean": 0.7606666666666667,
  "c_hn_std": 0.39614251083276697,
  "c_nh_mean": 0.04253333333333333,
  "c_nh_std": 0.15807924876114793,
  "time_hmoa_mean": 59.084028673172,
  "time_nols_mean": 58.9709797223409
}