{
  "name": "n40w80_005",
  "n": 40,
  "hv_hmoa_mean": 150.9651157150938,
  "hv_hmoa_std": 487.3648312585354,
  "hv_nols_mean": 7.667015563693612,
  "hv_nols_std": 5.206935818990568,
  "c_hn_mean": 0.8148,
  "c_hn_std": 0.3514145130753709,
  "c_nh_mean": 0.0013333333333333333,
  "c_nh_std": 0.0027968235951204043,
  "time_hmoa_mean": 83.80882323582968,
  "time_nols_mean": 63.02593213717143
}