{
  "name": "n40w80_002",
  "n": 40,
  "hv_hmoa_mean": 4.138678107667469,
  "hv_hmoa_std": 2.4649310423396473,
  "hv_nols_mean": 4.774207839703335,
  "hv_nols_std": 3.9916335526864932,
  "c_hn_mean": 0.9285333333333334,
  "c_hn_std": 0.24827454337665972,
  "c_nh_mean": 0.06933333333333333,
  "c_nh_std": 0.24563459763550316,
  "time_hmoa_mean": 83.6763726234436,
  "time_nols_mean": 60.5649840037028
}