{
  "name": "n40w80_003",
  "n": 40,
  "hv_hmoa_mean": 914.3690941198589,
  "hv_hmoa_std": 1512.8155231979738,
  "hv_nols_mean": 1.6691096629139663,
  "hv_nols_std": 1.197959883164876,
  "c_hn_mean": 0.9821333333333333,
  "c_hn_std": 0.03722699140259509,
  "c_nh_mean": 0.0,
  "c_nh_std": 0.0,
  "time_hmoa_mean": 36.33006753921509,
  "time_nols_mean": 43.78472633361817
}