{
  "name": "n40w80_004",
  "n": 40,
  "hv_hmoa_mean": 13.072819424690216,
  "hv_hmoa_std": 29.69842560591596,
  "hv_nols_mean": 3.4361404549813472,
  "hv_nols_std": 2.057990100235965,
  "c_hn_mean": 0.6089333333333333,
  "c_hn_std": 0.46307313557243723,
  "c_nh_mean": 0.32920000000000005,
  "c_nh_std": 0.4508314097309547,
  "time_hmoa_mean": 71.7293735663096,
  "time_nols_mean": 57.80639093716939
}