{
  "name": "n60w80_001",
  "n": 60,
  "hv_hmoa_mean": 36.23994419507975,
  "hv_hmoa_std": 95.89539388544253,
  "hv_nols_mean": 3.285994090831387,
  "hv_nols_std": 2.157971176419666,
  "c_hn_mean": 0.8493333333333334,
  "c_hn_std": 0.32785904830514523,
  "c_nh_mean": 0.07360000000000001,
  "c_nh_std": 0.2394919066134247,
  "time_hmoa_mean": 97.92963622411092,
  "time_nols_mean": 82.65855201085408
}