{
  "name": "n60w80_003",
  "n": 60,
  "hv_hmoa_mean": 5.729274926555319,
  "hv_hmoa_std": 7.963219735497245,
  "hv_nols_mean": 3.5713136166388657,
  "hv_nols_std": 1.510474224571507,
  "c_hn_mean": 0.9317333333333333,
  "c_hn_std": 0.23846382441694494,
  "c_nh_mean": 0.0026666666666666666,
  "c_nh_std": 0.0073996996936061925,
  "time_hmoa_mean": 107.68468837738037,
  "time_nols_mean": 79.79653574625651
}