{
  "name": "n60w80_005",
  "n": 60,
  "hv_hmoa_mean": 1.8112830967011249,
  "hv_hmoa_std": 0.6312092431777582,
  "hv_nols_mean": 1.7063420724385472,
  "hv_nols_std": 0.9428697972825275,
  "c_hn_mean": 0.6730666666666667,
  "c_hn_std": 0.428732001241905,
  "c_nh_mean": 0.2677333333333333,
  "c_nh_std": 0.406571267498769,
  "time_hmoa_mean": 178.74275307655336,
  "time_nols_mean": 71.45945092837016
}