{
  "name": "n60w80_002",
  "n": 60,
  "hv_hmoa_mean": 8.762679215144034,
  "hv_hmoa_std": 6.444658080656048,
  "hv_nols_mean": 7.775507901229184,
  "hv_nols_std": 7.079491051623025,
  "c_hn_mean": 0.7882666666666667,
  "c_hn_std": 0.3929172036051475,
  "c_nh_mean": 0.07813333333333333,
  "c_nh_std": 0.2462210028048424,
  "time_hmoa_mean": 95.41708935101828,
  "time_nols_mean": 80.21744726498922
}