{
  "name": "n60w80_004",
  "n": 60,
  "hv_hmoa_mean": 8.067194849485809,
  "hv_hmoa_std": 6.221462907952691,
  "hv_nols_mean": 4.271790027200797,
  "hv_nols_std": 2.512391451805101,
  "c_hn_mean": 0.7405333333333334,
  "c_hn_std": 0.4102184567059632,
  "c_nh_mean": 0.1452,
  "c_nh_std": 0.30744608199379175,
  "time_hmoa_mean": 120.15668652852376,
  "time_nols_mean": 80.82577573458353
}