{
  "name": "n80w80_005",
  "n": 80,
  "hv_hmoa_mean": 11.373603713208132,
  "hv_hmoa_std": 14.030037946246413,
  "hv_nols_mean": 2.843041928337883,
  "hv_nols_std": 1.9358445642821926,
  "c_hn_mean": 0.8722666666666667,
  "c_hn_std": 0.3010150531488786,
  "c_nh_mean": 0.004,
  "c_nh_std": 0.009577751997902917,
  "time_hmoa_mean": 112.66489448547364,
  "time_nols_mean": 77.70436800320944
}