{
  "name": "n80w80_003",
  "n": 80,
  "hv_hmoa_mean": 12.4802867451788,
  "hv_hmoa_std": 13.261593725349625,
  "hv_nols_mean": 3.0837656290254087,
  "hv_nols_std": 2.2931218711386263,
  "c_hn_mean": 0.8529333333333333,
  "c_hn_std": 0.3163574911744974,
  "c_nh_mean": 0.007466666666666667,
  "c_nh_std": 0.01437528743673979,
  "time_hmoa_mean": 169.47101192474366,
  "time_nols_mean": 79.60196480751037
}