{
  "name": "n80w80_002",
  "n": 80,
  "hv_hmoa_mean": 4.795919040666485,
  "hv_hmoa_std": 4.171083994576584,
  "hv_nols_mean": 2.6162088658888147,
  "hv_nols_std": 1.2860043386887707,
  "c_hn_mean": 0.7449333333333333,
  "c_hn_std": 0.3959588306321195,
  "c_nh_mean": 0.0672,
  "c_nh_std": 0.22930015263841413,
  "time_hmoa_mean": 182.6030333995819,
  "time_nols_mean": 81.33429470062256
}