{
  "name": "n80w80_001",
  "n": 80,
  "hv_hmoa_mean": 4.579664256909476,
  "hv_hmoa_std": 4.342966600533944,
  "hv_nols_mean": 2.117233268823801,
  "hv_nols_std": 0.7938478156988737,
  "c_hn_mean": 0.8650666666666668,
  "c_hn_std": 0.32229995690695057,
  "c_nh_mean": 0.13653333333333334,
  "c_nh_std": 0.3333862358019932,
  "time_hmoa_mean": 137.39330042203267,
  "time_nols_mean": 84.82681792577108
}