{
  "name": "n80w80_004",
  "n": 80,
  "hv_hmoa_mean": 6.498657763526707,
  "hv_hmoa_std": 4.082684089914637,
  "hv_nols_mean": 29.41573618007096,
  "hv_nols_std": 87.65698500396034,
  "c_hn_mean": 0.9032,
  "c_hn_std": 0.252091835118342,
  "c_nh_mean": 0.011733333333333335,
  "c_nh_std": 0.03661596494548367,
  "time_hmoa_mean": 136.42962555885316,
  "time_nols_mean": 87.64119324684142
}