{
  "name": "n20w80_003",
  "n": 20,
  "hv_hmoa_mean": 6.370682089946491,
  "hv_hmoa_std": 7.971574881964797,
  "hv_nols_mean": 3.587702450602804,
  "hv_nols_std": 2.3014496546361025,
  "c_hn_mean": 0.7106666666666668,
  "c_hn_std": 0.42609461651401115,
  "c_nh_mean": 0.15520000000000003,
  "c_nh_std": 0.3323554723485082,
  "time_hmoa_mean": 76.9281462987264,
  "time_nols_mean": 72.90581030845642
}