{
  "name": "n20w80_002",
  "n": 20,
  "hv_hmoa_mean": 10.368919224599862,
  "hv_hmoa_std": 22.602597728257518,
  "hv_nols_mean": 2.8170318436908017,
  "hv_nols_std": 2.0368084041982555,
  "c_hn_mean": 0.9930666666666667,
  "c_hn_std": 0.011072287729080912,
  "c_nh_mean": 0.0016,
  "c_nh_std": 0.004079215610874228,
  "time_hmoa_mean": 101.51539662679036,
  "time_nols_mean": 76.24646525382995
}