{
  "name": "n20w80_005",
  "n": 20,
  "hv_hmoa_mean": 1.4330450295947346,
  "hv_hmoa_std": 0.2919554519751108,
  "hv_nols_mean": 1.546111228941973,
  "hv_nols_std": 0.242423218466382,
  "c_hn_mean": 0.4629333333333332,
  "c_hn_std": 0.46481874125536526,
  "c_nh_mean": 0.5216,
  "c_nh_std": 0.46312515227167983,
  "time_hmoa_mean": 111.60366714795431,
  "time_nols_mean": 65.77095837593079
}