{
  "name": "n20w80_004",
  "n": 20,
  "hv_hmoa_mean": 1.902435433469152,
  "hv_hmoa_std": 0.739585956810709,
  "hv_nols_mean": 3.3820879025338972,
  "hv_nols_std": 1.7332426715905729,
  "c_hn_mean": 0.9949333333333334,
  "c_hn_std": 0.010062913207527054,
  "c_nh_mean": 0.0013333333333333333,
  "c_nh_std": 0.0027968235951204043,
  "time_hmoa_mean": 101.6258923371633,
  "time_nols_mean": 72.98791491190592
}