{
  "name": "n20w80_001",
  "n": 20,
  "hv_hmoa_mean": 3.1588848880409706,
  "hv_hmoa_std": 1.2325007875361422,
  "hv_nols_mean": 2.369432069646677,
  "hv_nols_std": 0.756763558555115,
  "c_hn_mean": 0.9914666666666666,
  "c_hn_std": 0.012721984471335013,
  "c_nh_mean": 0.0024000000000000002,
  "c_nh_std": 0.004572380853195265,
  "time_hmoa_mean": 89.49360834757486,
  "time_nols_mean": 70.93411587079366
}