{
  "name": "n40w80_001",
  "n": 40,
  "hv_hmoa_mean": 22.97163725992374,
  "hv_hmoa_std": 38.18583495510925,
  "hv_nols_mean": 13.746670844160446,
  "hv_nols_std": 32.71984005874475,
  "c_hn_mean": 1.0,
  "c_hn_std": 0.0,
  "c_nh_mean": 0.0,
  "c_nh_std": 0.0,
  "time_hmoa_mean": 105.98032981554667,
  "time_nols_mean": 82.53998537063599
}