{
  "name": "n40w80_002",
  "n": 40,
  "hv_hmoa_mean": 8.198321795786267,
  "hv_hmoa_std": 6.029231632279552,
  "hv_nols_mean": 5.737570449477034,
  "hv_nols_std": 2.673791335198604,
  "c_hn_mean": 0.7422666666666667,
  "c_hn_std": 0.42441794914394887,
  "c_nh_mean": 0.0656,
  "c_nh_std": 0.23693509659820344,
  "time_hmoa_mean": 139.39935642878214,
  "time_nols_mean": 77.19126985867818
}