{
  "name": "n40w80_004",
  "n": 40,
  "hv_hmoa_mean": 6.078344755581101,
  "hv_hmoa_std": 5.620704855483457,
  "hv_nols_mean": 4.373840774013439,
  "hv_nols_std": 2.8351356085304427,
  "c_hn_mean": 0.6628000000000001,
  "c_hn_std": 0.4608177079930848,
  "c_nh_mean": 0.14253333333333332,
  "c_nh_std": 0.29253327256152517,
  "time_hmoa_mean": 122.7512995560964,
  "time_nols_mean": 81.39039780298869
}