{
  "name": "n40w80_005",
  "n": 40,
  "hv_hmoa_mean": 36.226886485549784,
  "hv_hmoa_std": 47.13560425578734,
  "hv_nols_mean": 4.8109166640235514,
  "hv_nols_std": 2.826235031047826,
  "c_hn_mean": 0.7101333333333333,
  "c_hn_std": 0.40840141473255887,
  "c_nh_mean": 0.0029333333333333334,
  "c_nh_std": 0.007514134828589531,
  "time_hmoa_mean": 138.30133794148762,
  "time_nols_mean": 84.1811127503713
}