{
  "name": "n40w80_003",
  "n": 40,
  "hv_hmoa_mean": 910.2691741363371,
  "hv_hmoa_std": 1498.1527579157319,
  "hv_nols_mean": 1.9476760435184859,
  "hv_nols_std": 1.1118002022502815,
  "c_hn_mean": 0.9086666666666667,
  "c_hn_std": 0.22656703692775398,
  "c_nh_mean": 0.0412,
  "c_nh_std": 0.11312247050579001,
  "time_hmoa_mean": 61.47419503529866,
  "time_nols_mean": 67.58280453681945
}