{
  "name": "n60w80_002",
  "n": 60,
  "hv_hmoa_mean": 7.430627608632201,
  "hv_hmoa_std": 3.1113450511989615,
  "hv_nols_mean": 7.965460874588132,
  "hv_nols_std": 8.958661947291818,
  "c_hn_mean": 0.7921333333333332,
  "c_hn_std": 0.380876509587498,
  "c_nh_mean": 0.018533333333333336,
  "c_nh_std": 0.04153370786347987,
  "time_hmoa_mean": 168.22223450342815,
  "time_nols_mean": 86.89899991353353
}