{
  "name": "n60w80_001",
  "n": 60,
  "hv_hmoa_mean": 75.4522376191381,
  "hv_hmoa_std": 245.8464617513557,
  "hv_nols_mean": 2.9149790056690086,
  "hv_nols_std": 1.1758560661017374,
  "c_hn_mean": 0.9853333333333334,
  "c_hn_std": 0.013439576712911109,
  "c_nh_mean": 0.03526666666666667,
  "c_nh_std": 0.1150724216405574,
  "time_hmoa_mean": 181.25380976994833,
  "time_nols_mean": 83.24074295361837
}