{
  "name": "n60w80_005",
  "n": 60,
  "hv_hmoa_mean": 2.0369780183569666,
  "hv_hmoa_std": 0.48633332300740795,
  "hv_nols_mean": 1.4525259670696182,
  "hv_nols_std": 0.3140556309048021,
  "c_hn_mean": 0.7698666666666666,
  "c_hn_std": 0.3638691828421613,
  "c_nh_mean": 0.07773333333333335,
  "c_nh_std": 0.21659284896372324,
  "time_hmoa_mean": 267.74496858914694,
  "time_nols_mean": 62.03974645932515
}