{
  "name": "n60w80_004",
  "n": 60,
  "hv_hmoa_mean": 16.957876445458155,
  "hv_hmoa_std": 19.002856573192325,
  "hv_nols_mean": 4.9861474456478865,
  "hv_nols_std": 2.202815961431181,
  "c_hn_mean": 0.858,
  "c_hn_std": 0.30726058430372527,
  "c_nh_mean": 0.0037333333333333333,
  "c_nh_std": 0.00832239281830786,
  "time_hmoa_mean": 191.05923549334207,
  "time_nols_mean": 83.6324846426646
}