{
  "name": "n60w80_003",
  "n": 60,
  "hv_hmoa_mean": 8.434464975862067,
  "hv_hmoa_std": 6.383255203067501,
  "hv_nols_mean": 2.8799067044085924,
  "hv_nols_std": 1.3229409805923606,
  "c_hn_mean": 0.8010666666666667,
  "c_hn_std": 0.3826851563477329,
  "c_nh_mean": 0.06493333333333333,
  "c_nh_std": 0.23338993599172655,
  "time_hmoa_mean": 168.70290104548135,
  "time_nols_mean": 87.00981437365213
}