{
  "name": "n80w80_003",
  "n": 80,
  "hv_hmoa_mean": 7.325243765851499,
  "hv_hmoa_std": 6.468203910962654,
  "hv_nols_mean": 4.5126433985730605,
  "hv_nols_std": 3.5107364747304297,
  "c_hn_mean": 0.7295999999999999,
  "c_hn_std": 0.3884102298687132,
  "c_nh_mean": 0.0688,
  "c_nh_std": 0.2291372805401455,
  "time_hmoa_mean": 265.511878935496,
  "time_nols_mean": 72.40200826327006
}