{
  "name": "n80w80_002",
  "n": 80,
  "hv_hmoa_mean": 3.359459821022888,
  "hv_hmoa_std": 2.1138163382698285,
  "hv_nols_mean": 2.471831816457962,
  "hv_nols_std": 1.6979795148780252,
  "c_hn_mean": 0.9425333333333333,
  "c_hn_std": 0.11984983196576547,
  "c_nh_mean": 0.0112,
  "c_nh_std": 0.020090462081959855,
  "time_hmoa_mean": 290.9448986848195,
  "time_nols_mean": 71.15415536562601
}