{
  "name": "n80w80_001",
  "n": 80,
  "hv_hmoa_mean": 5.067075420209437,
  "hv_hmoa_std": 2.669392484404764,
  "hv_nols_mean": 2.5852392232037857,
  "hv_nols_std": 1.0367333267081802,
  "c_hn_mean": 0.8094666666666668,
  "c_hn_std": 0.3551784277733595,
  "c_nh_mean": 0.14826666666666669,
  "c_nh_std": 0.327180982875771,
  "time_hmoa_mean": 215.9046607176463,
  "time_nols_mean": 88.48337128957112
}