{
  "name": "n80w80_005",
  "n": 80,
  "hv_hmoa_mean": 12.137568190818387,
  "hv_hmoa_std": 18.19751152461103,
  "hv_nols_mean": 1.645909994142537,
  "hv_nols_std": 0.45614058492485726,
  "c_hn_mean": 0.8613333333333333,
  "c_hn_std": 0.3220324345293326,
  "c_nh_mean": 0.06426666666666667,
  "c_nh_std": 0.23513952359302667,
  "time_hmoa_mean": 226.37729468345643,
  "time_nols_mean": 89.21725796063741
}