{
  "name": "n80w80_004",
  "n": 80,
  "hv_hmoa_mean": 3346.944955190941,
  "hv_hmoa_std": 12463.98996705559,
  "hv_nols_mean": 3.8179205592832757,
  "hv_nols_std": 2.937205411180715,
  "c_hn_mean": 0.8610666666666666,
  "c_hn_std": 0.3153714141910913,
  "c_nh_mean": 0.0029142857142857143,
  "c_nh_std": 0.008989305815668916,
  "time_hmoa_mean": 227.38259627024334,
  "time_nols_mean": 86.8003732363383
}