{
  "n20w80_001": {
    "name": "n20w80_001",
    "n": 20,
    "hv_hmoa_mean": 3.1588848880409706,
    "hv_hmoa_std": 1.2325007875361422,
    "hv_nols_mean": 2.369432069646677,
    "hv_nols_std": 0.756763558555115,
    "c_hn_mean": 0.9914666666666666,
    "c_hn_std": 0.012721984471335013,
    "c_nh_mean": 0.0024000000000000002,
    "c_nh_std": 0.004572380853195265,
    "time_hmoa_mean": 89.49360834757486,
    "time_nols_mean": 70.93411587079366
  },
  "n20w80_002": {
    "name": "n20w80_002",
    "n": 20,
    "hv_hmoa_mean": 10.368919224599862,
    "hv_hmoa_std": 22.602597728257518,
    "hv_nols_mean": 2.8170318436908017,
    "hv_nols_std": 2.0368084041982555,
    "c_hn_mean": 0.9930666666666667,
    "c_hn_std": 0.011072287729080912,
    "c_nh_mean": 0.0016,
    "c_nh_std": 0.004079215610874228,
    "time_hmoa_mean": 101.51539662679036,
    "time_nols_mean": 76.24646525382995
  },
  "n20w80_003": {
    "name": "n20w80_003",
    "n": 20,
    "hv_hmoa_mean": 6.370682089946491,
    "hv_hmoa_std": 7.971574881964797,
    "hv_nols_mean": 3.587702450602804,
    "hv_nols_std": 2.3014496546361025,
    "c_hn_mean": 0.7106666666666668,
    "c_hn_std": 0.42609461651401115,
    "c_nh_mean": 0.15520000000000003,
    "c_nh_std": 0.3323554723485082,
    "time_hmoa_mean": 76.9281462987264,
    "time_nols_mean": 72.90581030845642
  },
  "n20w80_004": {
    "name": "n20w80_004",
    "n": 20,
    "hv_hmoa_mean": 1.902435433469152,
    "hv_hmoa_std": 0.739585956810709,
    "hv_nols_mean": 3.3820879025338972,
    "hv_nols_std": 1.7332426715905729,
    "c_hn_mean": 0.9949333333333334,
    "c_hn_std": 0.010062913207527054,
    "c_nh_mean": 0.0013333333333333333,
    "c_nh_std": 0.0027968235951204043,
    "time_hmoa_mean": 101.6258923371633,
    "time_nols_mean": 72.98791491190592
  },
  "n20w80_005": {
    "name": "n20w80_005",
    "n": 20,
    "hv_hmoa_mean": 1.4330450295947346,
    "hv_hmoa_std": 0.2919554519751108,
    "hv_nols_mean": 1.546111228941973,
    "hv_nols_std": 0.242423218466382,
    "c_hn_mean": 0.4629333333333332,
    "c_hn_std": 0.46481874125536526,
    "c_nh_mean": 0.5216,
    "c_nh_std": 0.46312515227167983,
    "time_hmoa_mean": 111.60366714795431,
    "time_nols_mean": 65.77095837593079
  },
  "n40w80_001": {
    "name": "n40w80_001",
    "n": 40,
    "hv_hmoa_mean": 22.97163725992374,
    "hv_hmoa_std": 38.18583495510925,
    "hv_nols_mean": 13.746670844160446,
    "hv_nols_std": 32.71984005874475,
    "c_hn_mean": 1.0,
    "c_hn_std": 0.0,
    "c_nh_mean": 0.0,
    "c_nh_std": 0.0,
    "time_hmoa_mean": 105.98032981554667,
    "time_nols_mean": 82.53998537063599
  },
  "n40w80_002": {
    "name": "n40w80_002",
    "n": 40,
    "hv_hmoa_mean": 8.198321795786267,
    "hv_hmoa_std": 6.029231632279552,
    "hv_nols_mean": 5.737570449477034,
    "hv_nols_std": 2.673791335198604,
    "c_hn_mean": 0.7422666666666667,
    "c_hn_std": 0.42441794914394887,
    "c_nh_mean": 0.0656,
    "c_nh_std": 0.23693509659820344,
    "time_hmoa_mean": 139.39935642878214,
    "time_nols_mean": 77.19126985867818
  },
  "n40w80_003": {
    "name": "n40w80_003",
    "n": 40,
    "hv_hmoa_mean": 910.2691741363371,
    "hv_hmoa_std": 1498.1527579157319,
    "hv_nols_mean": 1.9476760435184859,
    "hv_nols_std": 1.1118002022502815,
    "c_hn_mean": 0.9086666666666667,
    "c_hn_std": 0.22656703692775398,
    "c_nh_mean": 0.0412,
    "c_nh_std": 0.11312247050579001,
    "time_hmoa_mean": 61.47419503529866,
    "time_nols_mean": 67.58280453681945
  },
  "n40w80_004": {
    "name": "n40w80_004",
    "n": 40,
    "hv_hmoa_mean": 6.078344755581101,
    "hv_hmoa_std": 5.620704855483457,
    "hv_nols_mean": 4.373840774013439,
    "hv_nols_std": 2.8351356085304427,
    "c_hn_mean": 0.6628000000000001,
    "c_hn_std": 0.4608177079930848,
    "c_nh_mean": 0.14253333333333332,
    "c_nh_std": 0.29253327256152517,
    "time_hmoa_mean": 122.7512995560964,
    "time_nols_mean": 81.39039780298869
  },
  "n40w80_005": {
    "name": "n40w80_005",
    "n": 40,
    "hv_hmoa_mean": 36.226886485549784,
    "hv_hmoa_std": 47.13560425578734,
    "hv_nols_mean": 4.8109166640235514,
    "hv_nols_std": 2.826235031047826,
    "c_hn_mean": 0.7101333333333333,
    "c_hn_std": 0.40840141473255887,
    "c_nh_mean": 0.0029333333333333334,
    "c_nh_std": 0.007514134828589531,
    "time_hmoa_mean": 138.30133794148762,
    "time_nols_mean": 84.1811127503713
  },
  "n60w80_001": {
    "name": "n60w80_001",
    "n": 60,
    "hv_hmoa_mean": 75.4522376191381,
    "hv_hmoa_std": 245.8464617513557,
    "hv_nols_mean": 2.9149790056690086,
    "hv_nols_std": 1.1758560661017374,
    "c_hn_mean": 0.9853333333333334,
    "c_hn_std": 0.013439576712911109,
    "c_nh_mean": 0.03526666666666667,
    "c_nh_std": 0.1150724216405574,
    "time_hmoa_mean": 181.25380976994833,
    "time_nols_mean": 83.24074295361837
  },
  "n60w80_002": {
    "name": "n60w80_002",
    "n": 60,
    "hv_hmoa_mean": 7.430627608632201,
    "hv_hmoa_std": 3.1113450511989615,
    "hv_nols_mean": 7.965460874588132,
    "hv_nols_std": 8.958661947291818,
    "c_hn_mean": 0.7921333333333332,
    "c_hn_std": 0.380876509587498,
    "c_nh_mean": 0.018533333333333336,
    "c_nh_std": 0.04153370786347987,
    "time_hmoa_mean": 168.22223450342815,
    "time_nols_mean": 86.89899991353353
  },
  "n60w80_003": {
    "name": "n60w80_003",
    "n": 60,
    "hv_hmoa_mean": 8.434464975862067,
    "hv_hmoa_std": 6.383255203067501,
    "hv_nols_mean": 2.8799067044085924,
    "hv_nols_std": 1.3229409805923606,
    "c_hn_mean": 0.8010666666666667,
    "c_hn_std": 0.3826851563477329,
    "c_nh_mean": 0.06493333333333333,
    "c_nh_std": 0.23338993599172655,
    "time_hmoa_mean": 168.70290104548135,
    "time_nols_mean": 87.00981437365213
  },
  "n60w80_004": {
    "name": "n60w80_004",
    "n": 60,
    "hv_hmoa_mean": 16.957876445458155,
    "hv_hmoa_std": 19.002856573192325,
    "hv_nols_mean": 4.9861474456478865,
    "hv_nols_std": 2.202815961431181,
    "c_hn_mean": 0.858,
    "c_hn_std": 0.30726058430372527,
    "c_nh_mean": 0.0037333333333333333,
    "c_nh_std": 0.00832239281830786,
    "time_hmoa_mean": 191.05923549334207,
    "time_nols_mean": 83.6324846426646
  },
  "n60w80_005": {
    "name": "n60w80_005",
    "n": 60,
    "hv_hmoa_mean": 2.0369780183569666,
    "hv_hmoa_std": 0.48633332300740795,
    "hv_nols_mean": 1.4525259670696182,
    "hv_nols_std": 0.3140556309048021,
    "c_hn_mean": 0.7698666666666666,
    "c_hn_std": 0.3638691828421613,
    "c_nh_mean": 0.07773333333333335,
    "c_nh_std": 0.21659284896372324,
    "time_hmoa_mean": 267.74496858914694,
    "time_nols_mean": 62.03974645932515
  },
  "n80w80_001": {
    "name": "n80w80_001",
    "n": 80,
    "hv_hmoa_mean": 5.067075420209437,
    "hv_hmoa_std": 2.669392484404764,
    "hv_nols_mean": 2.5852392232037857,
    "hv_nols_std": 1.0367333267081802,
    "c_hn_mean": 0.8094666666666668,
    "c_hn_std": 0.3551784277733595,
    "c_nh_mean": 0.14826666666666669,
    "c_nh_std": 0.327180982875771,
    "time_hmoa_mean": 215.9046607176463,
    "time_nols_mean": 88.48337128957112
  },
  "n80w80_002": {
    "name": "n80w80_002",
    "n": 80,
    "hv_hmoa_mean": 3.359459821022888,
    "hv_hmoa_std": 2.1138163382698285,
    "hv_nols_mean": 2.471831816457962,
    "hv_nols_std": 1.6979795148780252,
    "c_hn_mean": 0.9425333333333333,
    "c_hn_std": 0.11984983196576547,
    "c_nh_mean": 0.0112,
    "c_nh_std": 0.020090462081959855,
    "time_hmoa_mean": 290.9448986848195,
    "time_nols_mean": 71.15415536562601
  },
  "n80w80_003": {
    "name": "n80w80_003",
    "n": 80,
    "hv_hmoa_mean": 7.325243765851499,
    "hv_hmoa_std": 6.468203910962654,
    "hv_nols_mean": 4.5126433985730605,
    "hv_nols_std": 3.5107364747304297,
    "c_hn_mean": 0.7295999999999999,
    "c_hn_std": 0.3884102298687132,
    "c_nh_mean": 0.0688,
    "c_nh_std": 0.2291372805401455,
    "time_hmoa_mean": 265.511878935496,
    "time_nols_mean": 72.40200826327006
  },
  "n80w80_004": {
    "name": "n80w80_004",
    "n": 80,