{
  "n100": {
    "scale": "n100",
    "best_epoch": 99,
    "best_val_loss": 0.3335159963374382,
    "val_loss": 0.3335159963374382,
    "val_acc": 0.8916286498288181,
    "val_precision": 0.8730793527877405,
    "val_recall": 0.9965111208024422,
    "val_f1": 0.9307207077550556,
    "total_time_seconds": 224.47357487678528,
    "avg_epoch_time": 2.243738980293274,
    "total_params": 36354,
    "config": {
      "batch_size": 64,
      "max_epochs": 100,
      "patience": 20,
      "hidden_dim": 128,
      "num_heads": 4,
      "dropout": 0.2,
      "learning_rate": 0.001,
      "weight_decay": 1e-05,
      "num_workers": 0,
      "pin_memory": true,
      "preload": true,
      "seed": 42
    }
  }
}