{
  "name": "n20w80_004",
  "n": 20,
  "hv_hmoa_mean": 2.2535344025231163,
  "hv_hmoa_std": 1.5237880863281705,
  "hv_nols_mean": 4.067645825597542,
  "hv_nols_std": 1.4291290281742426,
  "c_hn_mean": 0.9970666666666667,
  "c_hn_std": 0.00707546621942486,
  "c_nh_mean": 0.0008,
  "c_nh_std": 0.0016,
  "time_hmoa_mean": 321.6516657511393,
  "time_nols_mean": 218.3935955842336
}