{
  "name": "n20w80_005",
  "n": 20,
  "hv_hmoa_mean": 1.3936403710726457,
  "hv_hmoa_std": 0.2741177147154701,
  "hv_nols_mean": 1.3486685420198192,
  "hv_nols_std": 0.1795236217880281,
  "c_hn_mean": 0.408,
  "c_hn_std": 0.4552531896282185,
  "c_nh_mean": 0.5138666666666666,
  "c_nh_std": 0.45877254591887784,
  "time_hmoa_mean": 310.82467091878254,
  "time_nols_mean": 200.19862392743428
}