{
  "name": "n20w80_002",
  "n": 20,
  "hv_hmoa_mean": 3.9160630076439675,
  "hv_hmoa_std": 2.7421598441817467,
  "hv_nols_mean": 2.5302412275572386,
  "hv_nols_std": 1.7296332204072604,
  "c_hn_mean": 0.9290666666666668,
  "c_hn_std": 0.24736463413799115,
  "c_nh_mean": 0.06826666666666667,
  "c_nh_std": 0.24377242574900784,
  "time_hmoa_mean": 291.4496427377065,
  "time_nols_mean": 213.08637439409893
}