{
  "name": "n20w80_003",
  "n": 20,
  "hv_hmoa_mean": 3.5627080474455934,
  "hv_hmoa_std": 1.9463177697749245,
  "hv_nols_mean": 6.073916433309168,
  "hv_nols_std": 7.434865996032074,
  "c_hn_mean": 0.7992,
  "c_hn_std": 0.39232150081279,
  "c_nh_mean": 0.06960000000000001,
  "c_nh_std": 0.24456459269485434,
  "time_hmoa_mean": 240.5485380967458,
  "time_nols_mean": 198.83053320248922
}