{
  "name": "n20w80_001",
  "n": 20,
  "hv_hmoa_mean": 3.086951343578865,
  "hv_hmoa_std": 0.7896794179124114,
  "hv_nols_mean": 2.5349542356492183,
  "hv_nols_std": 0.7498343403172463,
  "c_hn_mean": 0.9858666666666668,
  "c_hn_std": 0.01537906224564931,
  "c_nh_mean": 0.007733333333333334,
  "c_nh_std": 0.00792856999856987,
  "time_hmoa_mean": 256.9349430561066,
  "time_nols_mean": 211.863764890035
}