{
  "name": "n40w80_003",
  "n": 40,
  "hv_hmoa_mean": 383.2437032175542,
  "hv_hmoa_std": 1376.237353374749,
  "hv_nols_mean": 2.6630563683311888,
  "hv_nols_std": 2.188012277035602,
  "c_hn_mean": 0.8664000000000001,
  "c_hn_std": 0.33983148765233634,
  "c_nh_mean": 0.13306666666666667,
  "c_nh_std": 0.3392555510067431,
  "time_hmoa_mean": 198.3986659526825,
  "time_nols_mean": 226.0409720102946
}