{
  "name": "n40w80_005",
  "n": 40,
  "hv_hmoa_mean": 18.146148376561193,
  "hv_hmoa_std": 14.855827677276109,
  "hv_nols_mean": 6.507076157986028,
  "hv_nols_std": 4.619571223370209,
  "c_hn_mean": 0.6850666666666668,
  "c_hn_std": 0.44214620005403443,
  "c_nh_mean": 0.0018666666666666666,
  "c_nh_std": 0.004096611065529925,
  "time_hmoa_mean": 369.0505773703257,
  "time_nols_mean": 248.27495109240215
}