{
  "name": "n40w80_001",
  "n": 40,
  "hv_hmoa_mean": 2530.302595722054,
  "hv_hmoa_std": 9423.498338071857,
  "hv_nols_mean": 5.919878505845881,
  "hv_nols_std": 9.080223692704244,
  "c_hn_mean": 0.9344,
  "c_hn_std": 0.2443857060740937,
  "c_nh_mean": 0.0,
  "c_nh_std": 0.0,
  "time_hmoa_mean": 265.334060160319,
  "time_nols_mean": 261.67023951212565
}