{
  "name": "n40w80_002",
  "n": 40,
  "hv_hmoa_mean": 7.610131714450987,
  "hv_hmoa_std": 3.8840782475709026,
  "hv_nols_mean": 7.236881913447291,
  "hv_nols_std": 3.957935977787511,
  "c_hn_mean": 0.8008,
  "c_hn_std": 0.3865393813485675,
  "c_nh_mean": 0.005066666666666667,
  "c_nh_std": 0.008574898768433882,
  "time_hmoa_mean": 341.63167645136514,
  "time_nols_mean": 246.57493290901184
}