{
  "name": "n40w80_004",
  "n": 40,
  "hv_hmoa_mean": 13.223393952527328,
  "hv_hmoa_std": 16.601491042849755,
  "hv_nols_mean": 3.1222535515900436,
  "hv_nols_std": 2.085973480420311,
  "c_hn_mean": 0.5994666666666666,
  "c_hn_std": 0.47916564521630256,
  "c_nh_mean": 0.13546666666666668,
  "c_nh_std": 0.33520180323036586,
  "time_hmoa_mean": 292.07776975631714,
  "time_nols_mean": 262.2827740351359
}