{
  "name": "n60w80_004",
  "n": 60,
  "hv_hmoa_mean": 9.53517763121805,
  "hv_hmoa_std": 14.750590265607482,
  "hv_nols_mean": 5.134431428997451,
  "hv_nols_std": 1.742889376022497,
  "c_hn_mean": 0.6712,
  "c_hn_std": 0.4299884029443895,
  "c_nh_mean": 0.13093333333333335,
  "c_nh_std": 0.3029647870994618,
  "time_hmoa_mean": 619.1369682470958,
  "time_nols_mean": 203.99100399017334
}