{
  "name": "n60w80_005",
  "n": 60,
  "hv_hmoa_mean": 1.8164596561539392,
  "hv_hmoa_std": 0.7785242867492681,
  "hv_nols_mean": 1.5559951642643313,
  "hv_nols_std": 0.4182674045059824,
  "c_hn_mean": 0.7088000000000001,
  "c_hn_std": 0.3946690090020582,
  "c_nh_mean": 0.27999999999999997,
  "c_nh_std": 0.4047530934615159,
  "time_hmoa_mean": 707.0660432338715,
  "time_nols_mean": 182.167747481664
}