{
  "name": "n60w80_003",
  "n": 60,
  "hv_hmoa_mean": 4.432408043337081,
  "hv_hmoa_std": 3.3554309117819376,
  "hv_nols_mean": 2.4890408912409776,
  "hv_nols_std": 0.9843230559246706,
  "c_hn_mean": 0.9861333333333333,
  "c_hn_std": 0.01651612007168217,
  "c_nh_mean": 0.004266666666666667,
  "c_nh_std": 0.00676724135490641,
  "time_hmoa_mean": 492.81414771080017,
  "time_nols_mean": 230.31331475575766
}