{
  "name": "n60w80_001",
  "n": 60,
  "hv_hmoa_mean": 9.67248966420302,
  "hv_hmoa_std": 11.480829344217359,
  "hv_nols_mean": 5.218347292024978,
  "hv_nols_std": 4.5909972452954495,
  "c_hn_mean": 0.9154666666666667,
  "c_hn_std": 0.24528347319422525,
  "c_nh_mean": 0.011466666666666668,
  "c_nh_std": 0.017087487299840845,
  "time_hmoa_mean": 524.064799674352,
  "time_nols_mean": 223.86686976750693
}