{
  "name": "n60w80_002",
  "n": 60,
  "hv_hmoa_mean": 6.12826369780504,
  "hv_hmoa_std": 3.1945226900903774,
  "hv_nols_mean": 6.695253043727279,
  "hv_nols_std": 8.282464960688399,
  "c_hn_mean": 0.9162666666666668,
  "c_hn_std": 0.2433607655769973,
  "c_nh_mean": 0.0704,
  "c_nh_std": 0.24428529768831084,
  "time_hmoa_mean": 455.67918616930643,
  "time_nols_mean": 249.18379847208658
}