{
  "name": "n80w80_004",
  "n": 80,
  "hv_hmoa_mean": 17.98081515155682,
  "hv_hmoa_std": 41.980999056495264,
  "hv_nols_mean": 4.04564045507986,
  "hv_nols_std": 6.378304573352383,
  "c_hn_mean": 0.9141333333333334,
  "c_hn_std": 0.24041682322351918,
  "c_nh_mean": 0.0021333333333333334,
  "c_nh_std": 0.004349201714746692,
  "time_hmoa_mean": 625.7497896035512,
  "time_nols_mean": 240.52448816299437
}