{
  "name": "n80w80_002",
  "n": 80,
  "hv_hmoa_mean": 6.190583287686583,
  "hv_hmoa_std": 8.354324025143786,
  "hv_nols_mean": 4.499676730803557,
  "hv_nols_std": 2.468211884266146,
  "c_hn_mean": 0.7266666666666666,
  "c_hn_std": 0.40750209270082965,
  "c_nh_mean": 0.08720000000000001,
  "c_nh_std": 0.24202346993628532,
  "time_hmoa_mean": 765.1314356327057,
  "time_nols_mean": 197.28700194358825
}