{
  "name": "n80w80_005",
  "n": 80,
  "hv_hmoa_mean": 8.442924530078558,
  "hv_hmoa_std": 11.067711668784554,
  "hv_nols_mean": 1.9027252823195406,
  "hv_nols_std": 0.6465897299514991,
  "c_hn_mean": 0.9216,
  "c_hn_std": 0.24540926361216822,
  "c_nh_mean": 0.07226666666666667,
  "c_nh_std": 0.24117696591691518,
  "time_hmoa_mean": 597.4571925957997,
  "time_nols_mean": 251.2123051484426
}