{
  "name": "n80w80_003",
  "n": 80,
  "hv_hmoa_mean": 5.599310700362159,
  "hv_hmoa_std": 5.3144945451002075,
  "hv_nols_mean": 2.9753848793195057,
  "hv_nols_std": 1.767040118651481,
  "c_hn_mean": 0.9114666666666665,
  "c_hn_std": 0.2352592517958763,
  "c_nh_mean": 0.08346666666666668,
  "c_nh_std": 0.24157203664515664,
  "time_hmoa_mean": 781.2967598279317,
  "time_nols_mean": 189.69901421864827
}