{
  "name": "n80w80_001",
  "n": 80,
  "hv_hmoa_mean": 4.348598709436407,
  "hv_hmoa_std": 4.186465557812634,
  "hv_nols_mean": 1.979544802810349,
  "hv_nols_std": 0.8106588102021848,
  "c_hn_mean": 0.8597333333333332,
  "c_hn_std": 0.3312826520594695,
  "c_nh_mean": 0.0688,
  "c_nh_std": 0.24051588998096013,
  "time_hmoa_mean": 579.5470582326253,
  "time_nols_mean": 240.6850999514262
}