{
  "n20w80_001": {
    "name": "n20w80_001",
    "n": 20,
    "hv_hmoa_mean": 3.086951343578865,
    "hv_hmoa_std": 0.7896794179124114,
    "hv_nols_mean": 2.5349542356492183,
    "hv_nols_std": 0.7498343403172463,
    "c_hn_mean": 0.9858666666666668,
    "c_hn_std": 0.01537906224564931,
    "c_nh_mean": 0.007733333333333334,
    "c_nh_std": 0.00792856999856987,
    "time_hmoa_mean": 256.9349430561066,
    "time_nols_mean": 211.863764890035
  },
  "n20w80_002": {
    "name": "n20w80_002",
    "n": 20,
    "hv_hmoa_mean": 3.9160630076439675,
    "hv_hmoa_std": 2.7421598441817467,
    "hv_nols_mean": 2.5302412275572386,
    "hv_nols_std": 1.7296332204072604,
    "c_hn_mean": 0.9290666666666668,
    "c_hn_std": 0.24736463413799115,
    "c_nh_mean": 0.06826666666666667,
    "c_nh_std": 0.24377242574900784,
    "time_hmoa_mean": 291.4496427377065,
    "time_nols_mean": 213.08637439409893
  },
  "n20w80_003": {
    "name": "n20w80_003",
    "n": 20,
    "hv_hmoa_mean": 3.5627080474455934,
    "hv_hmoa_std": 1.9463177697749245,
    "hv_nols_mean": 6.073916433309168,
    "hv_nols_std": 7.434865996032074,
    "c_hn_mean": 0.7992,
    "c_hn_std": 0.39232150081279,
    "c_nh_mean": 0.06960000000000001,
    "c_nh_std": 0.24456459269485434,
    "time_hmoa_mean": 240.5485380967458,
    "time_nols_mean": 198.83053320248922
  },
  "n20w80_004": {
    "name": "n20w80_004",
    "n": 20,
    "hv_hmoa_mean": 2.2535344025231163,
    "hv_hmoa_std": 1.5237880863281705,
    "hv_nols_mean": 4.067645825597542,
    "hv_nols_std": 1.4291290281742426,
    "c_hn_mean": 0.9970666666666667,
    "c_hn_std": 0.00707546621942486,
    "c_nh_mean": 0.0008,
    "c_nh_std": 0.0016,
    "time_hmoa_mean": 321.6516657511393,
    "time_nols_mean": 218.3935955842336
  },
  "n20w80_005": {
    "name": "n20w80_005",
    "n": 20,
    "hv_hmoa_mean": 1.3936403710726457,
    "hv_hmoa_std": 0.2741177147154701,
    "hv_nols_mean": 1.3486685420198192,
    "hv_nols_std": 0.1795236217880281,
    "c_hn_mean": 0.408,
    "c_hn_std": 0.4552531896282185,
    "c_nh_mean": 0.5138666666666666,
    "c_nh_std": 0.45877254591887784,
    "time_hmoa_mean": 310.82467091878254,
    "time_nols_mean": 200.19862392743428
  },
  "n40w80_001": {
    "name": "n40w80_001",
    "n": 40,
    "hv_hmoa_mean": 2530.302595722054,
    "hv_hmoa_std": 9423.498338071857,
    "hv_nols_mean": 5.919878505845881,
    "hv_nols_std": 9.080223692704244,
    "c_hn_mean": 0.9344,
    "c_hn_std": 0.2443857060740937,
    "c_nh_mean": 0.0,
    "c_nh_std": 0.0,
    "time_hmoa_mean": 265.334060160319,
    "time_nols_mean": 261.67023951212565
  },
  "n40w80_002": {
    "name": "n40w80_002",
    "n": 40,
    "hv_hmoa_mean": 7.610131714450987,
    "hv_hmoa_std": 3.8840782475709026,
    "hv_nols_mean": 7.236881913447291,
    "hv_nols_std": 3.957935977787511,
    "c_hn_mean": 0.8008,
    "c_hn_std": 0.3865393813485675,
    "c_nh_mean": 0.005066666666666667,
    "c_nh_std": 0.008574898768433882,
    "time_hmoa_mean": 341.63167645136514,
    "time_nols_mean": 246.57493290901184
  },
  "n40w80_003": {
    "name": "n40w80_003",
    "n": 40,
    "hv_hmoa_mean": 383.2437032175542,
    "hv_hmoa_std": 1376.237353374749,
    "hv_nols_mean": 2.6630563683311888,
    "hv_nols_std": 2.188012277035602,
    "c_hn_mean": 0.8664000000000001,
    "c_hn_std": 0.33983148765233634,
    "c_nh_mean": 0.13306666666666667,
    "c_nh_std": 0.3392555510067431,
    "time_hmoa_mean": 198.3986659526825,
    "time_nols_mean": 226.0409720102946
  },
  "n40w80_004": {
    "name": "n40w80_004",
    "n": 40,
    "hv_hmoa_mean": 13.223393952527328,
    "hv_hmoa_std": 16.601491042849755,
    "hv_nols_mean": 3.1222535515900436,
    "hv_nols_std": 2.085973480420311,
    "c_hn_mean": 0.5994666666666666,
    "c_hn_std": 0.47916564521630256,
    "c_nh_mean": 0.13546666666666668,
    "c_nh_std": 0.33520180323036586,
    "time_hmoa_mean": 292.07776975631714,
    "time_nols_mean": 262.2827740351359
  },
  "n40w80_005": {
    "name": "n40w80_005",
    "n": 40,
    "hv_hmoa_mean": 18.146148376561193,
    "hv_hmoa_std": 14.855827677276109,
    "hv_nols_mean": 6.507076157986028,
    "hv_nols_std": 4.619571223370209,
    "c_hn_mean": 0.6850666666666668,
    "c_hn_std": 0.44214620005403443,
    "c_nh_mean": 0.0018666666666666666,
    "c_nh_std": 0.004096611065529925,
    "time_hmoa_mean": 369.0505773703257,
    "time_nols_mean": 248.27495109240215
  },
  "n60w80_001": {
    "name": "n60w80_001",
    "n": 60,
    "hv_hmoa_mean": 9.67248966420302,
    "hv_hmoa_std": 11.480829344217359,
    "hv_nols_mean": 5.218347292024978,
    "hv_nols_std": 4.5909972452954495,
    "c_hn_mean": 0.9154666666666667,
    "c_hn_std": 0.24528347319422525,
    "c_nh_mean": 0.011466666666666668,
    "c_nh_std": 0.017087487299840845,
    "time_hmoa_mean": 524.064799674352,
    "time_nols_mean": 223.86686976750693
  },
  "n60w80_002": {
    "name": "n60w80_002",
    "n": 60,
    "hv_hmoa_mean": 6.12826369780504,
    "hv_hmoa_std": 3.1945226900903774,
    "hv_nols_mean": 6.695253043727279,
    "hv_nols_std": 8.282464960688399,
    "c_hn_mean": 0.9162666666666668,
    "c_hn_std": 0.2433607655769973,
    "c_nh_mean": 0.0704,
    "c_nh_std": 0.24428529768831084,
    "time_hmoa_mean": 455.67918616930643,
    "time_nols_mean": 249.18379847208658
  },
  "n60w80_003": {
    "name": "n60w80_003",
    "n": 60,
    "hv_hmoa_mean": 4.432408043337081,
    "hv_hmoa_std": 3.3554309117819376,
    "hv_nols_mean": 2.4890408912409776,
    "hv_nols_std": 0.9843230559246706,
    "c_hn_mean": 0.9861333333333333,
    "c_hn_std": 0.01651612007168217,
    "c_nh_mean": 0.004266666666666667,
    "c_nh_std": 0.00676724135490641,
    "time_hmoa_mean": 492.81414771080017,
    "time_nols_mean": 230.31331475575766
  },
  "n60w80_004": {
    "name": "n60w80_004",
    "n": 60,
    "hv_hmoa_mean": 9.53517763121805,
    "hv_hmoa_std": 14.750590265607482,
    "hv_nols_mean": 5.134431428997451,
    "hv_nols_std": 1.742889376022497,
    "c_hn_mean": 0.6712,
    "c_hn_std": 0.4299884029443895,
    "c_nh_mean": 0.13093333333333335,
    "c_nh_std": 0.3029647870994618,
    "time_hmoa_mean": 619.1369682470958,
    "time_nols_mean": 203.99100399017334
  },
  "n60w80_005": {
    "name": "n60w80_005",
    "n": 60,
    "hv_hmoa_mean": 1.8164596561539392,
    "hv_hmoa_std": 0.7785242867492681,
    "hv_nols_mean": 1.5559951642643313,
    "hv_nols_std": 0.4182674045059824,
    "c_hn_mean": 0.7088000000000001,
    "c_hn_std": 0.3946690090020582,
    "c_nh_mean": 0.27999999999999997,
    "c_nh_std": 0.4047530934615159,
    "time_hmoa_mean": 707.0660432338715,
    "time_nols_mean": 182.167747481664
  },
  "n80w80_001": {
    "name": "n80w80_001",
    "n": 80,
    "hv_hmoa_mean": 4.348598709436407,
    "hv_hmoa_std": 4.186465557812634,
    "hv_nols_mean": 1.979544802810349,
    "hv_nols_std": 0.8106588102021848,
    "c_hn_mean": 0.8597333333333332,
    "c_hn_std": 0.3312826520594695,
    "c_nh_mean": 0.0688,
    "c_nh_std": 0.24051588998096013,
    "time_hmoa_mean": 579.5470582326253,
    "time_nols_mean": 240.6850999514262
  },
  "n80w80_002": {
    "name": "n80w80_002",
    "n": 80,
    "hv_hmoa_mean": 6.190583287686583,
    "hv_hmoa_std": 8.354324025143786,
    "hv_nols_mean": 4.499676730803557,
    "hv_nols_std": 2.468211884266146,
    "c_hn_mean": 0.7266666666666666,
    "c_hn_std": 0.40750209270082965,
    "c_nh_mean": 0.08720000000000001,
    "c_nh_std": 0.24202346993628532,
    "time_hmoa_mean": 765.1314356327057,
    "time_nols_mean": 197.28700194358825
  },
  "n80w80_003": {
    "name": "n80w80_003",
    "n": 80,
    "hv_hmoa_mean": 5.599310700362159,
    "hv_hmoa_std": 5.3144945451002075,
    "hv_nols_mean": 2.9753848793195057,
    "hv_nols_std": 1.767040118651481,
    "c_hn_mean": 0.9114666666666665,
    "c_hn_std": 0.2352592517958763,
    "c_nh_mean": 0.08346666666666668,
    "c_nh_std": 0.24157203664515664,
    "time_hmoa_mean": 781.2967598279317,
    "time_nols_mean": 189.69901421864827
  },
  "n80w80_004": {
    "name": "n80w80_004",
    "n": 80,