{
  "name": "n20w80_001",
  "n": 20,
  "hv_hmoa_mean": 2.1051423914951517,
  "hv_hmoa_std": 0.913351470869459,
  "hv_nols_mean": 1.9280872401705775,
  "hv_nols_std": 0.4612157798640192,
  "c_hn_mean": 0.9877333333333334,
  "c_hn_std": 0.008449589076135933,
  "c_nh_mean": 0.005333333333333333,
  "c_nh_std": 0.006139127697718047,
  "time_hmoa_mean": 207.53801900545756,
  "time_nols_mean": 163.80881888071696
}