{
  "name": "n20w80_002",
  "n": 20,
  "hv_hmoa_mean": 2.233240907971939,
  "hv_hmoa_std": 0.8463591540753951,
  "hv_nols_mean": 3.074482017885948,
  "hv_nols_std": 2.09909278295995,
  "c_hn_mean": 0.9962666666666666,
  "c_hn_std": 0.005926962872238103,
  "c_nh_mean": 0.0026666666666666666,
  "c_nh_std": 0.004770278351999551,
  "time_hmoa_mean": 235.47847018241882,
  "time_nols_mean": 190.73922284444174
}