{
  "name": "n40w80_005",
  "n": 40,
  "hv_hmoa_mean": 19.13773684132208,
  "hv_hmoa_std": 14.68981804244108,
  "hv_nols_mean": 5.624071391403251,
  "hv_nols_std": 4.343685794630002,
  "c_hn_mean": 0.9304000000000001,
  "c_hn_std": 0.2300182021782914,
  "c_nh_mean": 0.0026666666666666666,
  "c_nh_std": 0.007105553383719589,
  "time_hmoa_mean": 296.8694777647654,
  "time_nols_mean": 404.82319849332174
}