{
  "name": "n40w80_001",
  "n": 40,
  "hv_hmoa_mean": 4838.231209972217,
  "hv_hmoa_std": 12290.095074731926,
  "hv_nols_mean": 2.544618514539088,
  "hv_nols_std": 1.9217601108251265,
  "c_hn_mean": 0.74,
  "c_hn_std": 0.4306026784248638,
  "c_nh_mean": 0.06693333333333333,
  "c_nh_std": 0.24831148897212865,
  "time_hmoa_mean": 208.95477964083355,
  "time_nols_mean": 225.06934096018475
}