{
  "name": "n40w80_003",
  "n": 40,
  "hv_hmoa_mean": 234.2416163234132,
  "hv_hmoa_std": 830.9488374907105,
  "hv_nols_mean": 1.9558277753131206,
  "hv_nols_std": 1.7376176211501422,
  "c_hn_mean": 0.9330666666666667,
  "c_hn_std": 0.24830719325509326,
  "c_nh_mean": 0.06693333333333333,
  "c_nh_std": 0.2483071932550933,
  "time_hmoa_mean": 234.1047649383545,
  "time_nols_mean": 264.38369646072385
}