{
  "name": "n60w80_004",
  "n": 60,
  "hv_hmoa_mean": 6.413823085414633,
  "hv_hmoa_std": 5.7637015991788365,
  "hv_nols_mean": 3.2853227581613615,
  "hv_nols_std": 1.2025185846658133,
  "c_hn_mean": 0.5602666666666667,
  "c_hn_std": 0.462019836034005,
  "c_nh_mean": 0.12853333333333333,
  "c_nh_std": 0.32230128072279757,
  "time_hmoa_mean": 585.4383539040883,
  "time_nols_mean": 344.12958269119264
}