{
  "name": "n60w80_002",
  "n": 60,
  "hv_hmoa_mean": 12.73493515192464,
  "hv_hmoa_std": 15.393892044763478,
  "hv_nols_mean": 5.0331908052443595,
  "hv_nols_std": 2.635552458142877,
  "c_hn_mean": 0.9242666666666666,
  "c_hn_std": 0.24634487117769582,
  "c_nh_mean": 0.06826666666666667,
  "c_nh_std": 0.24480290484841516,
  "time_hmoa_mean": 506.28245884577433,
  "time_nols_mean": 361.2031449317932
}