{
  "name": "n60w80_003",
  "n": 60,
  "hv_hmoa_mean": 4.06238668658061,
  "hv_hmoa_std": 3.136604997859124,
  "hv_nols_mean": 3.359411756777617,
  "hv_nols_std": 1.3104902225677988,
  "c_hn_mean": 0.9898666666666666,
  "c_hn_std": 0.022384121356195535,
  "c_nh_mean": 0.005333333333333332,
  "c_nh_std": 0.012191071414039955,
  "time_hmoa_mean": 568.0086779753367,
  "time_nols_mean": 335.4456381320953
}