{
  "name": "n60w80_005",
  "n": 60,
  "hv_hmoa_mean": 1.995917667359052,
  "hv_hmoa_std": 0.840415958148107,
  "hv_nols_mean": 2.7998961748127544,
  "hv_nols_std": 4.6617063529956635,
  "c_hn_mean": 0.5936000000000001,
  "c_hn_std": 0.4496773361719119,
  "c_nh_mean": 0.39066666666666655,
  "c_nh_std": 0.4430215444974306,
  "time_hmoa_mean": 897.0855007807414,
  "time_nols_mean": 239.5133436203003
}