{
  "name": "n60w80_001",
  "n": 60,
  "hv_hmoa_mean": 158.65127674898733,
  "hv_hmoa_std": 537.0090304817169,
  "hv_nols_mean": 3.7091285198954447,
  "hv_nols_std": 0.9815505931132256,
  "c_hn_mean": 0.8522666666666666,
  "c_hn_std": 0.32194232747842,
  "c_nh_mean": 0.009600000000000001,
  "c_nh_std": 0.0128,
  "time_hmoa_mean": 576.1416718324025,
  "time_nols_mean": 350.5616540431976
}