{
  "name": "n80w80_005",
  "n": 80,
  "hv_hmoa_mean": 7.950891553471346,
  "hv_hmoa_std": 6.706508238722823,
  "hv_nols_mean": 1.4624079612869445,
  "hv_nols_std": 0.49263914622789073,
  "c_hn_mean": 0.8618666666666666,
  "c_hn_std": 0.3203560241703318,
  "c_nh_mean": 0.004533333333333334,
  "c_nh_std": 0.008987893091388118,
  "time_hmoa_mean": 712.2946217219035,
  "time_nols_mean": 367.55603345235187
}