{
  "name": "n80w80_004",
  "n": 80,
  "hv_hmoa_mean": 20.424289252259474,
  "hv_hmoa_std": 19.065722321835235,
  "hv_nols_mean": 5.742445923361607,
  "hv_nols_std": 5.108896333075426,
  "c_hn_mean": 0.9272000000000001,
  "c_hn_std": 0.23586753344479885,
  "c_nh_mean": 0.006666666666666667,
  "c_nh_std": 0.017748865378446648,
  "time_hmoa_mean": 827.2502559343974,
  "time_nols_mean": 310.6117066224416
}