{
  "name": "n80w80_003",
  "n": 80,
  "hv_hmoa_mean": 4.428014870837469,
  "hv_hmoa_std": 2.9730408489018565,
  "hv_nols_mean": 2.4268841683470304,
  "hv_nols_std": 2.238909923644908,
  "c_hn_mean": 0.7208000000000001,
  "c_hn_std": 0.40483003841118304,
  "c_nh_mean": 0.014666666666666668,
  "c_nh_std": 0.03090343382574536,
  "time_hmoa_mean": 834.943007850647,
  "time_nols_mean": 304.385808467865
}