{
  "name": "n80w80_001",
  "n": 80,
  "hv_hmoa_mean": 7.457088095204828,
  "hv_hmoa_std": 10.15293222382636,
  "hv_nols_mean": 2.638365189413786,
  "hv_nols_std": 0.8646783919124518,
  "c_hn_mean": 0.7394666666666666,
  "c_hn_std": 0.41132466765588255,
  "c_nh_mean": 0.13253333333333334,
  "c_nh_std": 0.3270257618122598,
  "time_hmoa_mean": 598.8151562690734,
  "time_nols_mean": 378.17395968437194
}