{
  "name": "n80w80_002",
  "n": 80,
  "hv_hmoa_mean": 5.921833233074833,
  "hv_hmoa_std": 5.008257271104992,
  "hv_nols_mean": 2.652414432416249,
  "hv_nols_std": 1.0381928512283665,
  "c_hn_mean": 0.7949333333333333,
  "c_hn_std": 0.38213565944860756,
  "c_nh_mean": 0.07706666666666667,
  "c_nh_std": 0.24751120288899162,
  "time_hmoa_mean": 841.9193969726563,
  "time_nols_mean": 306.0139575799306
}