{
  "n20w80_001": {
    "name": "n20w80_001",
    "n": 20,
    "hv_hmoa_mean": 2.1051423914951517,
    "hv_hmoa_std": 0.913351470869459,
    "hv_nols_mean": 1.9280872401705775,
    "hv_nols_std": 0.4612157798640192,
    "c_hn_mean": 0.9877333333333334,
    "c_hn_std": 0.008449589076135933,
    "c_nh_mean": 0.005333333333333333,
    "c_nh_std": 0.006139127697718047,
    "time_hmoa_mean": 207.53801900545756,
    "time_nols_mean": 163.80881888071696
  },
  "n20w80_002": {
    "name": "n20w80_002",
    "n": 20,
    "hv_hmoa_mean": 2.233240907971939,
    "hv_hmoa_std": 0.8463591540753951,
    "hv_nols_mean": 3.074482017885948,
    "hv_nols_std": 2.09909278295995,
    "c_hn_mean": 0.9962666666666666,
    "c_hn_std": 0.005926962872238103,
    "c_nh_mean": 0.0026666666666666666,
    "c_nh_std": 0.004770278351999551,
    "time_hmoa_mean": 235.47847018241882,
    "time_nols_mean": 190.73922284444174
  },
  "n20w80_003": {
    "name": "n20w80_003",
    "n": 20,
    "hv_hmoa_mean": 4.922110308329687,
    "hv_hmoa_std": 4.722275547540681,
    "hv_nols_mean": 2.6900511590516545,
    "hv_nols_std": 2.2668114192604034,
    "c_hn_mean": 0.7256,
    "c_hn_std": 0.43345384990792274,
    "c_nh_mean": 0.1376,
    "c_nh_std": 0.338296280401268,
    "time_hmoa_mean": 179.21146879196166,
    "time_nols_mean": 149.74661898612976
  },
  "n20w80_004": {
    "name": "n20w80_004",
    "n": 20,
    "hv_hmoa_mean": 2.2836690385054492,
    "hv_hmoa_std": 1.285941778854256,
    "hv_nols_mean": 2.9372949737595144,
    "hv_nols_std": 1.1165803421236535,
    "c_hn_mean": 0.9984000000000001,
    "c_hn_std": 0.004079215610874231,
    "c_nh_mean": 0.0,
    "c_nh_std": 0.0,
    "time_hmoa_mean": 227.62808912595113,
    "time_nols_mean": 195.4168274084727
  },
  "n20w80_005": {
    "name": "n20w80_005",
    "n": 20,
    "hv_hmoa_mean": 1.5935292709250817,
    "hv_hmoa_std": 0.4259643046548195,
    "hv_nols_mean": 1.8802261496382306,
    "hv_nols_std": 0.9996314731438992,
    "c_hn_mean": 0.5239999999999999,
    "c_hn_std": 0.47056051683072603,
    "c_nh_mean": 0.46346666666666664,
    "c_nh_std": 0.46543655015718544,
    "time_hmoa_mean": 228.84384020169577,
    "time_nols_mean": 172.60200360616048
  },
  "n40w80_001": {
    "name": "n40w80_001",
    "n": 40,
    "hv_hmoa_mean": 4838.231209972217,
    "hv_hmoa_std": 12290.095074731926,
    "hv_nols_mean": 2.544618514539088,
    "hv_nols_std": 1.9217601108251265,
    "c_hn_mean": 0.74,
    "c_hn_std": 0.4306026784248638,
    "c_nh_mean": 0.06693333333333333,
    "c_nh_std": 0.24831148897212865,
    "time_hmoa_mean": 208.95477964083355,
    "time_nols_mean": 225.06934096018475
  },
  "n40w80_002": {
    "name": "n40w80_002",
    "n": 40,
    "hv_hmoa_mean": 8.31842860769006,
    "hv_hmoa_std": 6.929829372512538,
    "hv_nols_mean": 4.889366685117864,
    "hv_nols_std": 2.926636784581525,
    "c_hn_mean": 0.9272000000000001,
    "c_hn_std": 0.23749447712876745,
    "c_nh_mean": 0.06853333333333333,
    "c_nh_std": 0.23843430029162233,
    "time_hmoa_mean": 287.44253652890524,
    "time_nols_mean": 246.55809003512064
  },
  "n40w80_003": {
    "name": "n40w80_003",
    "n": 40,
    "hv_hmoa_mean": 234.2416163234132,
    "hv_hmoa_std": 830.9488374907105,
    "hv_nols_mean": 1.9558277753131206,
    "hv_nols_std": 1.7376176211501422,
    "c_hn_mean": 0.9330666666666667,
    "c_hn_std": 0.24830719325509326,
    "c_nh_mean": 0.06693333333333333,
    "c_nh_std": 0.2483071932550933,
    "time_hmoa_mean": 234.1047649383545,
    "time_nols_mean": 264.38369646072385
  },
  "n40w80_004": {
    "name": "n40w80_004",
    "n": 40,
    "hv_hmoa_mean": 4126.195281331683,
    "hv_hmoa_std": 15408.323956748472,
    "hv_nols_mean": 3.685642441646076,
    "hv_nols_std": 1.4152630507951844,
    "c_hn_mean": 0.7970666666666667,
    "c_hn_std": 0.3939014202676716,
    "c_nh_mean": 0.13786666666666667,
    "c_nh_std": 0.3335269837492746,
    "time_hmoa_mean": 267.52452561060585,
    "time_nols_mean": 219.5793727874756
  },
  "n40w80_005": {
    "name": "n40w80_005",
    "n": 40,
    "hv_hmoa_mean": 19.13773684132208,
    "hv_hmoa_std": 14.68981804244108,
    "hv_nols_mean": 5.624071391403251,
    "hv_nols_std": 4.343685794630002,
    "c_hn_mean": 0.9304000000000001,
    "c_hn_std": 0.2300182021782914,
    "c_nh_mean": 0.0026666666666666666,
    "c_nh_std": 0.007105553383719589,
    "time_hmoa_mean": 296.8694777647654,
    "time_nols_mean": 404.82319849332174
  },
  "n60w80_001": {
    "name": "n60w80_001",
    "n": 60,
    "hv_hmoa_mean": 158.65127674898733,
    "hv_hmoa_std": 537.0090304817169,
    "hv_nols_mean": 3.7091285198954447,
    "hv_nols_std": 0.9815505931132256,
    "c_hn_mean": 0.8522666666666666,
    "c_hn_std": 0.32194232747842,
    "c_nh_mean": 0.009600000000000001,
    "c_nh_std": 0.0128,
    "time_hmoa_mean": 576.1416718324025,
    "time_nols_mean": 350.5616540431976
  },
  "n60w80_002": {
    "name": "n60w80_002",
    "n": 60,
    "hv_hmoa_mean": 12.73493515192464,
    "hv_hmoa_std": 15.393892044763478,
    "hv_nols_mean": 5.0331908052443595,
    "hv_nols_std": 2.635552458142877,
    "c_hn_mean": 0.9242666666666666,
    "c_hn_std": 0.24634487117769582,
    "c_nh_mean": 0.06826666666666667,
    "c_nh_std": 0.24480290484841516,
    "time_hmoa_mean": 506.28245884577433,
    "time_nols_mean": 361.2031449317932
  },
  "n60w80_003": {
    "name": "n60w80_003",
    "n": 60,
    "hv_hmoa_mean": 4.06238668658061,
    "hv_hmoa_std": 3.136604997859124,
    "hv_nols_mean": 3.359411756777617,
    "hv_nols_std": 1.3104902225677988,
    "c_hn_mean": 0.9898666666666666,
    "c_hn_std": 0.022384121356195535,
    "c_nh_mean": 0.005333333333333332,
    "c_nh_std": 0.012191071414039955,
    "time_hmoa_mean": 568.0086779753367,
    "time_nols_mean": 335.4456381320953
  },
  "n60w80_004": {
    "name": "n60w80_004",
    "n": 60,
    "hv_hmoa_mean": 6.413823085414633,
    "hv_hmoa_std": 5.7637015991788365,
    "hv_nols_mean": 3.2853227581613615,
    "hv_nols_std": 1.2025185846658133,
    "c_hn_mean": 0.5602666666666667,
    "c_hn_std": 0.462019836034005,
    "c_nh_mean": 0.12853333333333333,
    "c_nh_std": 0.32230128072279757,
    "time_hmoa_mean": 585.4383539040883,
    "time_nols_mean": 344.12958269119264
  },
  "n60w80_005": {
    "name": "n60w80_005",
    "n": 60,
    "hv_hmoa_mean": 1.995917667359052,
    "hv_hmoa_std": 0.840415958148107,
    "hv_nols_mean": 2.7998961748127544,
    "hv_nols_std": 4.6617063529956635,
    "c_hn_mean": 0.5936000000000001,
    "c_hn_std": 0.4496773361719119,
    "c_nh_mean": 0.39066666666666655,
    "c_nh_std": 0.4430215444974306,
    "time_hmoa_mean": 897.0855007807414,
    "time_nols_mean": 239.5133436203003
  },
  "n80w80_001": {
    "name": "n80w80_001",
    "n": 80,
    "hv_hmoa_mean": 7.457088095204828,
    "hv_hmoa_std": 10.15293222382636,
    "hv_nols_mean": 2.638365189413786,
    "hv_nols_std": 0.8646783919124518,
    "c_hn_mean": 0.7394666666666666,
    "c_hn_std": 0.41132466765588255,
    "c_nh_mean": 0.13253333333333334,
    "c_nh_std": 0.3270257618122598,
    "time_hmoa_mean": 598.8151562690734,
    "time_nols_mean": 378.17395968437194
  },
  "n80w80_002": {
    "name": "n80w80_002",
    "n": 80,
    "hv_hmoa_mean": 5.921833233074833,
    "hv_hmoa_std": 5.008257271104992,
    "hv_nols_mean": 2.652414432416249,
    "hv_nols_std": 1.0381928512283665,
    "c_hn_mean": 0.7949333333333333,
    "c_hn_std": 0.38213565944860756,
    "c_nh_mean": 0.07706666666666667,
    "c_nh_std": 0.24751120288899162,
    "time_hmoa_mean": 841.9193969726563,
    "time_nols_mean": 306.0139575799306
  },
  "n80w80_003": {
    "name": "n80w80_003",
    "n": 80,
    "hv_hmoa_mean": 4.428014870837469,
    "hv_hmoa_std": 2.9730408489018565,
    "hv_nols_mean": 2.4268841683470304,
    "hv_nols_std": 2.238909923644908,
    "c_hn_mean": 0.7208000000000001,
    "c_hn_std": 0.40483003841118304,
    "c_nh_mean": 0.014666666666666668,
    "c_nh_std": 0.03090343382574536,
    "time_hmoa_mean": 834.943007850647,
    "time_nols_mean": 304.385808467865
  },