{
  "parameters": {
    "pop": 200,
    "iter": 2000,
    "kmax": 5,
    "drones": 3,
    "wbl": 0.2,
    "wbu": 0.2,
    "pc": 0.8,
    "pm": 0.3,
    "alpha": 0.3,
    "runs": 15
  },
  "instances": "Dumas w80, n=20,40,60,80 x5",
  "completed": 9,
  "total": 20,
  "results": {
    "n20w80_001": {
      "name": "n20w80_001",
      "n": 20,
      "hv_hmoa_mean": 2.1051423914951517,
      "hv_hmoa_std": 0.913351470869459,
      "hv_nols_mean": 1.9280872401705775,
      "hv_nols_std": 0.4612157798640192,
      "c_hn_mean": 0.9877333333333334,
      "c_hn_std": 0.008449589076135933,
      "c_nh_mean": 0.005333333333333333,
      "c_nh_std": 0.006139127697718047,
      "time_hmoa_mean": 207.53801900545756,
      "time_nols_mean": 163.80881888071696
    },
    "n20w80_002": {
      "name": "n20w80_002",
      "n": 20,
      "hv_hmoa_mean": 2.233240907971939,
      "hv_hmoa_std": 0.8463591540753951,
      "hv_nols_mean": 3.074482017885948,
      "hv_nols_std": 2.09909278295995,
      "c_hn_mean": 0.9962666666666666,
      "c_hn_std": 0.005926962872238103,
      "c_nh_mean": 0.0026666666666666666,
      "c_nh_std": 0.004770278351999551,
      "time_hmoa_mean": 235.47847018241882,
      "time_nols_mean": 190.73922284444174
    },
    "n20w80_003": {
      "name": "n20w80_003",
      "n": 20,
      "hv_hmoa_mean": 4.922110308329687,
      "hv_hmoa_std": 4.722275547540681,
      "hv_nols_mean": 2.6900511590516545,
      "hv_nols_std": 2.2668114192604034,
      "c_hn_mean": 0.7256,
      "c_hn_std": 0.43345384990792274,
      "c_nh_mean": 0.1376,
      "c_nh_std": 0.338296280401268,
      "time_hmoa_mean": 179.21146879196166,
      "time_nols_mean": 149.74661898612976
    },
    "n20w80_004": {
      "name": "n20w80_004",
      "n": 20,
      "hv_hmoa_mean": 2.2836690385054492,
      "hv_hmoa_std": 1.285941778854256,
      "hv_nols_mean": 2.9372949737595144,
      "hv_nols_std": 1.1165803421236535,
      "c_hn_mean": 0.9984000000000001,
      "c_hn_std": 0.004079215610874231,
      "c_nh_mean": 0.0,
      "c_nh_std": 0.0,
      "time_hmoa_mean": 227.62808912595113,
      "time_nols_mean": 195.4168274084727
    },
    "n20w80_005": {
      "name": "n20w80_005",
      "n": 20,
      "hv_hmoa_mean": 1.5935292709250817,
      "hv_hmoa_std": 0.4259643046548195,
      "hv_nols_mean": 1.8802261496382306,
      "hv_nols_std": 0.9996314731438992,
      "c_hn_mean": 0.5239999999999999,
      "c_hn_std": 0.47056051683072603,
      "c_nh_mean": 0.46346666666666664,
      "c_nh_std": 0.46543655015718544,
      "time_hmoa_mean": 228.84384020169577,
      "time_nols_mean": 172.60200360616048
    },
    "n40w80_001": {
      "name": "n40w80_001",
      "n": 40,
      "hv_hmoa_mean": 4838.231209972217,
      "hv_hmoa_std": 12290.095074731926,
      "hv_nols_mean": 2.544618514539088,
      "hv_nols_std": 1.9217601108251265,
      "c_hn_mean": 0.74,
      "c_hn_std": 0.4306026784248638,
      "c_nh_mean": 0.06693333333333333,
      "c_nh_std": 0.24831148897212865,
      "time_hmoa_mean": 208.95477964083355,
      "time_nols_mean": 225.06934096018475
    },
    "n40w80_002": {
      "name": "n40w80_002",
      "n": 40,
      "hv_hmoa_mean": 8.31842860769006,
      "hv_hmoa_std": 6.929829372512538,
      "hv_nols_mean": 4.889366685117864,
      "hv_nols_std": 2.926636784581525,
      "c_hn_mean": 0.9272000000000001,
      "c_hn_std": 0.23749447712876745,
      "c_nh_mean": 0.06853333333333333,
      "c_nh_std": 0.23843430029162233,
      "time_hmoa_mean": 287.44253652890524,
      "time_nols_mean": 246.55809003512064
    },
    "n40w80_004": {
      "name": "n40w80_004",
      "n": 40,
      "hv_hmoa_mean": 4126.195281331683,
      "hv_hmoa_std": 15408.323956748472,
      "hv_nols_mean": 3.685642441646076,
      "hv_nols_std": 1.4152630507951844,
      "c_hn_mean": 0.7970666666666667,
      "c_hn_std": 0.3939014202676716,
      "c_nh_mean": 0.13786666666666667,
      "c_nh_std": 0.3335269837492746,
      "time_hmoa_mean": 267.52452561060585,
      "time_nols_mean": 219.5793727874756
    },
    "n40w80_005": {
      "name": "n40w80_005",
      "n": 40,
      "hv_hmoa_mean": 19.13773684132208,
      "hv_hmoa_std": 14.68981804244108,
      "hv_nols_mean": 5.624071391403251,
      "hv_nols_std": 4.343685794630002,
      "c_hn_mean": 0.9304000000000001,
      "c_hn_std": 0.2300182021782914,
      "c_nh_mean": 0.0026666666666666666,
      "c_nh_std": 0.007105553383719589,
      "time_hmoa_mean": 296.8694777647654,
      "time_nols_mean": 404.82319849332174
    }
  },
  "missing": [
    "n80w80_001",
    "n60w80_003",
    "n60w80_001",
    "n80w80_004",
    "n60w80_004",
    "n80w80_005",
    "n80w80_003",
    "n60w80_005",
    "n80w80_002",
    "n60w80_002",
    "n40w80_003"
  ]
}